creative_id,campaign_id,advertiser_name,app_name,vertical,format,theme,hook_type,cta_text,headline,subhead,creative_status,fatigue_day,has_fatigue,perf_score,overall_roas,overall_ipm,overall_ctr,overall_cvr,ctr_decay_pct,cvr_decay_pct,peak_rolling_ctr_5,fatigue_label_score,ctr_decay_severity,cvr_decay_severity,early_fatigue_severity,tired_score,avg_top5_similarity,avg_top10_similarity,max_similarity,similar_neighbor_count_080,same_metadata_ratio,fatigued_neighbor_ratio,top_neighbor_status_mix,similarity_density_pct,neighbor_density_pct,repetition_score,creative_health_risk,fatigue_status,repetition_status,health_action_hint
500667,20111,CloudRoute,CloudRoute Travel,travel,rewarded_video,minimalist,late-night,Start now,Last-minute savings,Hotels + flights in one tap,fatigued,10.0,1,0.6768518518518518,7.832390612460514,0.3319924399922229,0.0066422899207267,0.049981624402793,-0.8670064912993862,-0.3766442657265617,0.0146331308229205,1.0,0.9967347834948308,1.0,0.33333333333333337,0.8658503625403744,0.4334,0.3985,0.4963,0,0.175,0.5,"{'fatigued': 0.5, 'stable': 0.3, 'top_performer': 0.2}",0.0824074074074074,0.4125,0.1880787037037037,0.8658503625403744,tired,distinct,Refresh
500937,20156,VoxelRealm,VoxelRealm Quest,gaming,interstitial,competitive,competition,Claim reward,Win epic rewards,No ads in first week,fatigued,10.0,1,0.6370370370370371,1.442452086045951,1.3260349042552524,0.0071170157720644,0.1863189497851298,-0.865431614852127,-0.2314013462715272,0.0143662557075469,1.0,0.9949242617162252,1.0,0.33333333333333337,0.8653977320957229,0.6851,0.6141,0.8093,1,0.275,0.4,"{'stable': 0.6, 'fatigued': 0.4}",0.9296296296296296,0.8939814814814815,0.7570601851851851,0.8653977320957229,tired,high_repetition,Refresh
500506,20084,VoxelRealm,VoxelRealm Legends,gaming,interstitial,food-closeup,save smarter,Get offer,Level up today,No ads in first week,fatigued,10.0,1,0.5882716049382716,1.2306561741658963,1.1611239642419824,0.0065245449682633,0.1779624433412475,-0.8637097586801825,-0.2314514485126415,0.0141191516631402,1.0,0.9929447679569798,1.0,0.33333333333333337,0.8649028586559115,0.5458,0.5151,0.5842,0,0.35,0.4,"{'stable': 0.6, 'fatigued': 0.4}",0.5814814814814815,0.4125,0.4813657407407408,0.8649028586559115,tired,distinct,Refresh
500940,20156,VoxelRealm,VoxelRealm Quest,gaming,rewarded_video,family,competition,Install now,Win epic rewards,No ads in first week,fatigued,10.0,1,0.6345679012345679,1.2815276739118198,1.4708256439691023,0.0073269436991884,0.2007420425698106,-0.8686090968963125,-0.2100201917159165,0.014014483999726,1.0,0.9985771834753498,0.9660679466543161,0.33333333333333337,0.8595245518663673,0.7412,0.6619,0.958,1,0.25,0.6,"{'fatigued': 0.6, 'stable': 0.3, 'top_performer': 0.1}",0.9851851851851852,0.8939814814814815,0.778587962962963,0.8595245518663673,tired,high_repetition,Refresh
500775,20129,RouteBloom,RouteBloom Travel,travel,rewarded_video,reward,last-minute deal,Get offer,Last-minute savings,Hotels + flights in one tap,fatigued,10.0,1,0.6197530864197531,8.036655897322943,0.3082982266042829,0.0059370789407535,0.0519275943070333,-0.8442921288879209,-0.2943677259844419,0.0134513807958347,1.0,0.9706217205274659,1.0,0.33333333333333337,0.8593220967985331,0.6029,0.5658,0.6655,0,0.4,0.4,"{'top_performer': 0.5, 'fatigued': 0.4, 'stable': 0.1}",0.7898148148148149,0.4125,0.5980324074074075,0.8593220967985331,tired,moderate_repetition,Refresh
500414,20069,NomadLayer,NomadLayer Trips,travel,rewarded_video,gameplay,discover,Shop now,Fly smarter,Hotels + flights in one tap,fatigued,11.0,1,0.6864197530864198,8.910075991125135,0.3290797330829222,0.0067014809398031,0.0491055239937144,-0.8413477731174366,-0.4496004486190943,0.0117015103691062,1.0,0.9672368072184234,1.0,0.2666666666666667,0.8451425351379392,0.7183,0.594,0.8883,1,0.3,0.4,"{'fatigued': 0.4, 'top_performer': 0.3, 'stable': 0.3}",0.8791666666666667,0.8939814814814815,0.7380787037037037,0.8451425351379392,tired,moderate_repetition,Refresh
500471,20078,NeonArena,NeonArena Rush,gaming,playable,fantasy,power-up,Try for free,Unlock rare gear,Free rewards for new players,fatigued,10.0,1,0.6654320987654321,1.4408116742630663,1.7415250681344188,0.0077328590442986,0.2252110193859567,-0.8849925930813374,-0.1814717091761947,0.0168928061071891,1.0,1.0,0.8347483164706081,0.33333333333333337,0.8336163299607883,0.6525,0.5902,0.6949,0,0.325,0.6,"{'fatigued': 0.6, 'stable': 0.4}",0.862037037037037,0.4125,0.6153935185185185,0.8336163299607883,tired,moderate_repetition,Refresh
500486,20081,DriftPass,DriftPass Travel,travel,interstitial,discount,free shipping,Try for free,Escape this weekend,Hotels + flights in one tap,fatigued,12.0,1,0.6339506172839506,6.24295608409436,0.3615715660808596,0.0060830616767687,0.0594390761253829,-0.8460800712269496,-0.2497257435397367,0.0126560269409568,1.0,0.9726771887829828,1.0,0.19999999999999996,0.8331692971957456,0.5679,0.5313,0.6339,0,0.275,0.2,"{'stable': 0.7, 'fatigued': 0.2, 'top_performer': 0.1}",0.6564814814814814,0.4125,0.5001157407407407,0.8331692971957456,tired,distinct,Refresh
500642,20107,StarVault,StarVault Plus,entertainment,rewarded_video,drama,watch now,Learn more,Watch what’s trending,Start free today,fatigued,12.0,1,0.641358024691358,2.0628805087073925,0.6189817637932422,0.0061472374297062,0.1006926722566532,-0.8550673987412649,-0.2139412919023113,0.0126660375103944,1.0,0.9830092705310132,0.9841045419680666,0.19999999999999996,0.8325732260263666,0.5919,0.5565,0.6413,0,0.325,0.3,"{'stable': 0.6, 'fatigued': 0.3, 'underperformer': 0.1}",0.7601851851851852,0.4125,0.5644675925925926,0.8325732260263666,tired,moderate_repetition,Refresh
500392,20065,BingeLayer,BingeLayer Now,entertainment,rewarded_video,urgency,watch now,Shop now,A new season drops,Start free today,fatigued,12.0,1,0.6734567901234567,2.920374736897293,0.5293233038020457,0.0059685381371868,0.0886855862584018,-0.8416735386017407,-0.2159239664744777,0.0121627759782568,1.0,0.9676113162823421,0.9932246096014082,0.19999999999999996,0.8305477509908672,0.5636,0.4648,0.8694,1,0.3,0.1,"{'stable': 0.9, 'fatigued': 0.1}",0.33796296296296297,0.8939814814814815,0.46747685185185184,0.8305477509908672,tired,distinct,Refresh
501062,20177,NomadLayer,NomadLayer Getaway,travel,rewarded_video,discount,discover,Try for free,Escape this weekend,Hotels + flights in one tap,fatigued,12.0,1,0.687037037037037,7.465217156387822,0.348098702401881,0.0066921428211757,0.0520160300973255,-0.8337269116877302,-0.2969767132401864,0.013459918333519,1.0,0.9584756528978849,1.0,0.19999999999999996,0.8296189132244713,0.6085,0.5365,0.7935,0,0.3,0.4,"{'fatigued': 0.4, 'top_performer': 0.3, 'stable': 0.3}",0.6837962962962963,0.4125,0.5200231481481482,0.8296189132244713,tired,distinct,Refresh
501067,20177,NomadLayer,NomadLayer Getaway,travel,rewarded_video,destination,discover,Install now,Last-minute savings,Hotels + flights in one tap,fatigued,12.0,1,0.6354938271604939,7.179283735485921,0.3348513077349014,0.0060715337363374,0.0551510248112189,-0.8324787206196897,-0.2420324827872588,0.0123239395774317,1.0,0.9570406977199845,1.0,0.19999999999999996,0.8292601744299961,0.5572,0.5257,0.5958,0,0.375,0.3,"{'top_performer': 0.4, 'stable': 0.3, 'fatigued': 0.3}",0.6291666666666667,0.4125,0.5114583333333333,0.8292601744299961,tired,distinct,Refresh
500796,20132,GlitchWave,GlitchWave Rush,gaming,playable,fantasy,last-minute deal,Claim reward,Unlock rare gear,Play with friends tonight,fatigued,10.0,1,0.7527777777777778,1.7653519734440204,2.3415602880197626,0.0102111624624196,0.2293137825039461,-0.875519178358712,-0.167019556989953,0.0159715586463243,1.0,1.0,0.768270132286377,0.33333333333333337,0.8203206931239421,0.6023,0.5592,0.6718,0,0.225,0.5,"{'fatigued': 0.5, 'top_performer': 0.3, 'stable': 0.2}",0.7703703703703704,0.4125,0.5445601851851852,0.8203206931239421,tired,distinct,Refresh
500597,20099,WayPoint,WayPoint Travel,travel,interstitial,discount,last-minute deal,Get offer,Last-minute savings,Hotels + flights in one tap,fatigued,13.0,1,0.6290123456790123,7.33940152402404,0.3289820564859461,0.0060110891524309,0.0547291926876348,-0.8420368967749245,-0.2236637132178635,0.0128628089547766,1.0,0.9680290429472679,1.0,0.1333333333333333,0.8186739274034835,0.5599,0.5186,0.5843,0,0.3,0.4,"{'stable': 0.5, 'fatigued': 0.4, 'top_performer': 0.1}",0.5972222222222222,0.4125,0.47673611111111114,0.8186739274034835,tired,distinct,Refresh
500127,20021,RouteBloom,RouteBloom Getaway,travel,interstitial,destination,discover,Shop now,Book your next trip,Hotels + flights in one tap,fatigued,13.0,1,0.5916666666666667,6.155751719796082,0.3237679628119422,0.0059311041502933,0.0545881432205047,-0.8209709648828164,-0.3391304347826086,0.0114313536952088,1.0,0.9438110615661496,1.0,0.1333333333333333,0.8126194320582041,0.6071,0.552,0.6631,0,0.4,0.4,"{'stable': 0.6, 'fatigued': 0.4}",0.7416666666666667,0.4125,0.5739583333333333,0.8126194320582041,tired,moderate_repetition,Refresh
500963,20160,FreshDash,FreshDash Eats,food_delivery,native,combo,free delivery,Watch now,2-for-1 tonight,Fresh favorites nearby,fatigued,12.0,1,0.595679012345679,3.2932979006112144,0.4855315901958008,0.0050731217767895,0.09570666969147,-0.8437180410083619,-0.1947490347490348,0.0116671102830272,1.0,0.9699617331293534,0.8958224377177909,0.19999999999999996,0.8116549208258965,0.4578,0.3782,0.5589,0,0.35,0.2,"{'stable': 0.8, 'fatigued': 0.2}",0.041666666666666664,0.4125,0.2114583333333333,0.8116549208258965,tired,distinct,Refresh
500184,20030,IronQuest,IronQuest Saga,gaming,interstitial,trust,competition,Get offer,Win epic rewards,No ads in first week,fatigued,12.0,1,0.6759259259259259,1.8718528115594173,1.1178591740794834,0.0067481719980201,0.1656536280354806,-0.8806570275872815,-0.0525002388567417,0.0160611049847303,1.0,1.0,0.24149486550225754,0.19999999999999996,0.6882989731004515,0.7551,0.6609,0.8461,2,0.3,0.5,"{'fatigued': 0.5, 'stable': 0.5}",0.9842592592592593,0.9768518518518519,0.8113425925925926,0.8113425925925926,tired,high_repetition,Refresh
500290,20048,VoxelRealm,VoxelRealm Legends,gaming,rewarded_video,fantasy,free rewards,Shop now,Beat your rivals,Free rewards for new players,fatigued,13.0,1,0.7166666666666667,1.6264505595431014,1.816568655820505,0.0092430724786022,0.1965329883570504,-0.7932178922952559,-0.0440197790947746,0.0178064433672025,1.0,0.9119053571977536,0.20248575746368402,0.1333333333333333,0.6451401574588418,0.8543,0.7431,0.9512,4,0.25,0.5,"{'fatigued': 0.5, 'stable': 0.3, 'top_performer': 0.2}",0.9972222222222222,0.9981481481481481,0.8106481481481481,0.8106481481481481,at_risk,high_repetition,Refresh
500738,20123,HorizonHop,HorizonHop Flights,travel,rewarded_video,fantasy,book now,Shop now,Last-minute savings,Flexible booking options,fatigued,12.0,1,0.7043209876543209,6.175488567581257,0.4020018874342556,0.0068541508092011,0.058650866989183,-0.7977281288037438,-0.207994377954768,0.0119016549930757,1.0,0.9170904505677706,0.9567494438734787,0.19999999999999996,0.8106225014166384,0.5741,0.514,0.6951,0,0.275,0.3,"{'stable': 0.4, 'fatigued': 0.3, 'top_performer': 0.3}",0.5745370370370371,0.4125,0.45914351851851853,0.8106225014166384,tired,distinct,Refresh
500383,20063,WayPoint,WayPoint Travel,travel,rewarded_video,family,escape,Get offer,Book your next trip,Flexible booking options,fatigued,14.0,1,0.6975308641975309,7.005295251409241,0.417209297354031,0.0061297010609184,0.0680635634931795,-0.8600136828046797,-0.2344170514308288,0.0131166947823256,1.0,0.9886956563015082,1.0,0.06666666666666665,0.8105072474087104,0.5463,0.4747,0.5872,0,0.3,0.5,"{'fatigued': 0.5, 'stable': 0.4, 'top_performer': 0.1}",0.3787037037037037,0.4125,0.36747685185185186,0.8105072474087104,tired,distinct,Refresh
500611,20101,BingeLayer,BingeLayer Plus,entertainment,rewarded_video,drama,exclusive,Try for free,A new season drops,New hits every week,fatigued,13.0,1,0.6432098765432098,1.8638649479803,0.7225924185611854,0.0064654886959593,0.1117614541670731,-0.8428405507040928,-0.2079808464448408,0.0118530147024873,1.0,0.9689529458627971,0.9566872005343802,0.1333333333333333,0.8102423432392419,0.5308,0.4946,0.612,0,0.425,0.2,"{'stable': 0.8, 'fatigued': 0.2}",0.48333333333333334,0.4125,0.4510416666666667,0.8102423432392419,tired,distinct,Refresh
500323,20053,PulsePlay,PulsePlay Play,entertainment,native,ugc,watch now,Shop now,Watch what’s trending,Start free today,fatigued,13.0,1,0.5947530864197531,2.1564205842749256,0.5753255887720718,0.005474442488128,0.1050930007977495,-0.8111762149327862,-0.2209383539713624,0.0106853340187136,1.0,0.93255074452262,1.0,0.1333333333333333,0.8098043527973215,0.5978,0.4947,0.7973,0,0.325,0.0,"{'stable': 0.9, 'underperformer': 0.1}",0.4842592592592593,0.4125,0.42650462962962965,0.8098043527973215,tired,distinct,Refresh
500326,20054,StormByte,StormByte Saga,gaming,rewarded_video,competitive,free rewards,Shop now,Beat your rivals,Free rewards for new players,fatigued,15.0,1,0.6688271604938271,1.3018728131440236,1.9558572367349225,0.0083113408146486,0.2353239122727042,-0.8842562526146884,-0.0650465289082888,0.0171510935107588,1.0,1.0,0.2992063101457442,0.0,0.6598412620291488,0.8254,0.7334,0.8999,3,0.25,0.4,"{'stable': 0.4, 'fatigued': 0.4, 'top_performer': 0.2}",0.9962962962962963,0.9935185185185185,0.8090277777777779,0.8090277777777779,tired,high_repetition,Refresh
500957,20159,HorizonHop,HorizonHop Escapes,travel,interstitial,wanderlust,last-minute deal,Order now,Fly smarter,Special fares today,fatigued,13.0,1,0.5873456790123456,5.968209024139282,0.3000630614845615,0.0063777390643898,0.0470485008017911,-0.795446087423837,-0.2479511997834885,0.0116034899919348,1.0,0.9144669523084685,1.0,0.1333333333333333,0.8052834047437838,0.7361,0.5909,0.9639,1,0.3,0.2,"{'stable': 0.7, 'fatigued': 0.2, 'top_performer': 0.1}",0.8648148148148148,0.8939814814814815,0.7309027777777778,0.8052834047437838,tired,moderate_repetition,Refresh
500198,20033,NomadLayer,NomadLayer Getaway,travel,rewarded_video,destination,last-minute deal,Learn more,Escape this weekend,Special fares today,fatigued,12.0,1,0.6030864197530864,5.971331765849122,0.3610650270033261,0.0057083572732062,0.063252002235053,-0.8347016961371588,-0.1905159203132981,0.0110469480515642,1.0,0.9595962922205494,0.8763506139018383,0.19999999999999996,0.8051691958355051,0.6077,0.5229,0.6717,0,0.35,0.2,"{'top_performer': 0.5, 'stable': 0.3, 'fatigued': 0.2}",0.6166666666666667,0.4125,0.4989583333333334,0.8051691958355051,tired,distinct,Refresh
500832,20138,IronQuest,IronQuest Rush,gaming,rewarded_video,gameplay,challenge,Shop now,Win epic rewards,Free rewards for new players,fatigued,14.0,1,0.8070987654320988,2.3635841389219463,1.7489430931389292,0.0087822909210962,0.199144290351136,-0.8653529172703165,-0.1827962812528206,0.0179999324501186,1.0,0.9948337887867204,0.840841190759536,0.06666666666666665,0.7802100186819205,0.8176,0.7233,0.9137,3,0.225,0.6,"{'fatigued': 0.6, 'stable': 0.3, 'top_performer': 0.1}",0.9953703703703703,0.9935185185185185,0.8023148148148147,0.8023148148148147,tired,high_repetition,Refresh
500489,20081,DriftPass,DriftPass Travel,travel,rewarded_video,wanderlust,new collection,Start now,Escape this weekend,Hotels + flights in one tap,fatigued,13.0,1,0.837037037037037,7.659898212927305,0.5435540413644009,0.0075678023511642,0.071824555682374,-0.818496307241361,-0.2061116934642122,0.0143899525586237,1.0,0.9409661262937697,0.9480893187439418,0.1333333333333333,0.8015260619888973,0.6812,0.612,0.882,1,0.25,0.6,"{'fatigued': 0.6, 'top_performer': 0.4}",0.925,0.8939814814814815,0.7484953703703704,0.8015260619888973,tired,moderate_repetition,Refresh
500687,20114,NeonArena,NeonArena Quest,gaming,playable,fantasy,power-up,Start now,Beat your rivals,Free rewards for new players,fatigued,12.0,1,0.7981481481481483,2.3718434265909547,1.6030199402419574,0.0084215658278717,0.1903470177643984,-0.8831598532166587,-0.0475460682357233,0.0192137823022709,1.0,1.0,0.21870626884343602,0.19999999999999996,0.6837412537686872,0.8645,0.7488,0.9512,5,0.2,0.5,"{'fatigued': 0.5, 'stable': 0.4, 'top_performer': 0.1}",0.9981481481481481,1.0,0.799074074074074,0.799074074074074,tired,high_repetition,Refresh
500252,20042,NeonArena,NeonArena Arena,gaming,playable,competitive,challenge,Install now,Beat your rivals,Free rewards for new players,fatigued,10.0,1,0.7191358024691358,1.898366610268144,1.414339107254455,0.0074793282048618,0.1890997518112762,-0.8952256947587206,-0.0188488147884946,0.0174173679891605,1.0,1.0,0.08670231014844126,0.33333333333333337,0.6840071286963549,0.8619,0.7616,0.9573,4,0.2,0.4,"{'stable': 0.4, 'fatigued': 0.4, 'top_performer': 0.2}",0.9990740740740741,0.9981481481481481,0.799074074074074,0.799074074074074,tired,high_repetition,Refresh
500363,20060,GlitchWave,GlitchWave Saga,gaming,interstitial,discount,power-up,Try for free,Beat your rivals,No ads in first week,fatigued,12.0,1,0.633641975308642,1.3288418863316949,1.2338475934753468,0.007554802739666,0.1633196307028775,-0.8419207250488968,-0.1805198217786902,0.0155539974331415,1.0,0.9678954886989982,0.8303697474576001,0.19999999999999996,0.7980478216662695,0.6067,0.5465,0.765,0,0.325,0.3,"{'stable': 0.6, 'fatigued': 0.3, 'top_performer': 0.1}",0.7231481481481481,0.4125,0.545949074074074,0.7980478216662695,tired,distinct,Refresh
500975,20162,StormByte,StormByte Arena,gaming,rewarded_video,product-focus,save smarter,Shop now,Join the arena,Free rewards for new players,fatigued,10.0,1,0.6157407407407408,0.9933223413202108,1.5683172429379912,0.0073811698089004,0.2124754318816592,-0.8841855753994967,-0.1421845566807811,0.0161174566224257,1.0,1.0,0.6540320794695594,0.33333333333333337,0.7974730825605785,0.6348,0.5859,0.6882,0,0.125,0.6,"{'fatigued': 0.6, 'stable': 0.4}",0.8472222222222222,0.4125,0.5579861111111111,0.7974730825605785,tired,moderate_repetition,Refresh
500561,20093,RouteBloom,RouteBloom Travel,travel,interstitial,discount,book now,Order now,Book your next trip,Special fares today,fatigued,11.0,1,0.6024691358024691,8.890627927073199,0.2823543422534854,0.0059601902341027,0.047373377553945,-0.8361536500901119,-0.1661459377677316,0.0117737552195284,1.0,0.9612654988798585,0.7642515875870618,0.2666666666666667,0.7965000255707103,0.6767,0.5852,0.7983,0,0.425,0.3,"{'stable': 0.7, 'fatigued': 0.3}",0.8444444444444444,0.4125,0.6315972222222223,0.7965000255707103,tired,moderate_repetition,Refresh
500705,20117,DriftPass,DriftPass Getaway,travel,rewarded_video,competitive,challenge,Watch now,Fly smarter,Flexible booking options,fatigued,15.0,1,0.7188271604938272,7.77559437967335,0.3982190655558104,0.0064261444090506,0.0619685833693615,-0.8556094395452953,-0.2173792414615876,0.0137795974202373,1.0,0.9836324157195121,0.9999187017604914,0.0,0.7958918442819763,0.5947,0.4755,0.7913,0,0.275,0.3,"{'top_performer': 0.4, 'stable': 0.3, 'fatigued': 0.3}",0.38333333333333336,0.4125,0.36354166666666665,0.7958918442819763,tired,distinct,Refresh
500266,20044,CoinBridge,CoinBridge Pay,fintech,interstitial,testimonial,earn more,Start now,Save with confidence,Built for peace of mind,stable,,0,0.6018518518518519,5.358474869434784,0.4629861605219116,0.0049737941816068,0.0930851063829787,-0.7530443380831369,-0.2024159054661446,0.0075078540443029,0.0,0.8657207216019779,0.9310891327456722,0.0,0.4026480069496289,0.7143,0.6275,0.8214,2,0.3,0.2,"{'stable': 0.8, 'fatigued': 0.2}",0.9513888888888888,0.9768518518518519,0.7949074074074074,0.7949074074074074,at_risk,high_repetition,Refresh
500886,20147,CloudRoute,CloudRoute Getaway,travel,native,wanderlust,2-for-1,Order now,Book your next trip,Flexible booking options,fatigued,12.0,1,0.6092592592592593,8.9390385932267,0.3164715904574794,0.0055750688654859,0.0567655033674451,-0.79723576589418,-0.1910260499734183,0.0095534154327963,1.0,0.9165244164688454,0.8786971497718103,0.19999999999999996,0.7948705340715735,0.4684,0.4138,0.5686,0,0.3,0.1,"{'stable': 0.8, 'top_performer': 0.1, 'fatigued': 0.1}",0.12962962962962962,0.4125,0.2429398148148148,0.7948705340715735,tired,distinct,Refresh
500679,20113,MoonScreen,MoonScreen Play,entertainment,interstitial,drama,trending,Try for free,Exclusive tonight,Cancel anytime,fatigued,11.0,1,0.6092592592592593,2.611101737207523,0.4783012660969397,0.0055845494858898,0.0856472428627297,-0.791467927164744,-0.178218744279499,0.0103451237348031,1.0,0.9098935485977163,0.8197850641632289,0.2666666666666667,0.7947637333154082,0.5618,0.4915,0.694,0,0.375,0.1,"{'stable': 0.8, 'fatigued': 0.1, 'underperformer': 0.1}",0.4638888888888889,0.4125,0.4288194444444444,0.7947637333154082,tired,distinct,Refresh
500973,20162,StormByte,StormByte Arena,gaming,playable,reward,challenge,Get offer,Join the arena,No ads in first week,fatigued,11.0,1,0.6265432098765432,0.9875000672272582,1.7196984485531293,0.0078357404886309,0.2194685302618523,-0.8902200441147774,-0.1502444250987744,0.0176362724379794,1.0,1.0,0.6911065172617457,0.2666666666666667,0.7915546367856825,0.6595,0.5885,0.9521,1,0.2,0.5,"{'fatigued': 0.5, 'stable': 0.5}",0.8578703703703704,0.8939814814814815,0.7024305555555556,0.7915546367856825,tired,moderate_repetition,Refresh
500573,20095,NeonCast,NeonCast Stream,entertainment,rewarded_video,celebrity,trending,Start now,Watch what’s trending,Cancel anytime,fatigued,11.0,1,0.6570987654320987,2.2661262279057097,0.5795400258074977,0.0061678629853129,0.0939612353885797,-0.8260529300029492,-0.0321899881532908,0.0112033608922788,1.0,0.9496534300542475,0.14807012365811323,0.2666666666666667,0.6703607155785178,0.7263,0.642,0.8218,2,0.25,0.4,"{'stable': 0.5, 'fatigued': 0.4, 'underperformer': 0.1}",0.9685185185185186,0.9768518518518519,0.7909722222222222,0.7909722222222222,tired,high_repetition,Refresh
500399,20066,IronQuest,IronQuest Battle,gaming,playable,gameplay,last-minute deal,Book now,Win epic rewards,Play with friends tonight,fatigued,15.0,1,0.7126543209876544,1.5296330641192348,2.31192535358987,0.0099164365383925,0.2331407400873285,-0.7950579115622743,-0.0550031311447103,0.0185109519460334,1.0,0.9140206945385264,0.2530078728639754,0.0,0.6291067482074267,0.8018,0.6823,0.9207,2,0.2,0.6,"{'fatigued': 0.6, 'stable': 0.4}",0.9925925925925926,0.9768518518518519,0.7905092592592593,0.7905092592592593,at_risk,high_repetition,Refresh
501065,20177,NomadLayer,NomadLayer Getaway,travel,interstitial,family,discover,Shop now,Book your next trip,Hotels + flights in one tap,fatigued,12.0,1,0.619753086419753,7.939889254038408,0.3100315341129284,0.0059194866007992,0.0523747336586707,-0.8331915099201872,-0.1740455990286948,0.0116487850361307,1.0,0.9578601401304374,0.8005890914779554,0.19999999999999996,0.7895828533282006,0.708,0.6369,0.7681,0,0.375,0.4,"{'stable': 0.6, 'fatigued': 0.4}",0.9638888888888889,0.4125,0.6788194444444445,0.7895828533282006,tired,moderate_repetition,Refresh
500982,20163,ZenDrop,ZenDrop Store,ecommerce,rewarded_video,testimonial,last-minute deal,Shop now,Your next favorite pick,Free shipping over $25,fatigued,15.0,1,0.7611111111111111,2.918519775415037,0.5918899637479311,0.0075778118466633,0.0781082950757814,-0.8255216882550264,-0.3154511320969393,0.0151689451296182,1.0,0.9490426997610917,1.0,0.0,0.7872606749402729,0.6454,0.5414,0.7194,0,0.225,0.3,"{'stable': 0.7, 'fatigued': 0.3}",0.7060185185185185,0.4125,0.5123842592592592,0.7872606749402729,tired,distinct,Refresh
500320,20053,PulsePlay,PulsePlay Play,entertainment,rewarded_video,ugc,watch now,Shop now,Watch what’s trending,New hits every week,fatigued,14.0,1,0.6330246913580247,1.8413110865592552,0.7056489783793732,0.0063575920227615,0.1109931206426889,-0.7987545586023688,-0.1547995680971088,0.0111137476476373,1.0,0.918270462820703,0.7120596342318993,0.06666666666666665,0.7353128758848889,0.759,0.6394,0.8145,1,0.325,0.3,"{'stable': 0.6, 'fatigued': 0.3, 'underperformer': 0.1}",0.9648148148148148,0.8939814814814815,0.7871527777777778,0.7871527777777778,tired,high_repetition,Refresh
500254,20042,NeonArena,NeonArena Arena,gaming,rewarded_video,fantasy,power-up,Start now,Join the arena,Play with friends tonight,fatigued,10.0,1,0.7691358024691358,2.195094784916809,1.492093850013873,0.0078774023731061,0.1894144515339156,-0.9003128653642095,-0.0353130269645385,0.0195804220562541,1.0,1.0,0.16243573139827203,0.33333333333333337,0.6991538129463211,0.7245,0.647,0.8863,1,0.3,0.5,"{'fatigued': 0.5, 'stable': 0.4, 'top_performer': 0.1}",0.975,0.8939814814814815,0.7859953703703704,0.7859953703703704,tired,high_repetition,Refresh
500458,20076,SnapMeal,SnapMeal Go,food_delivery,native,destination,free delivery,Order now,"Fast food, fast",Late-night deals available,fatigued,11.0,1,0.6151234567901235,2.613177977542366,0.513998063690084,0.0054253102706815,0.0947407683700111,-0.8474229532866371,-0.1511549970709463,0.0121837230331736,1.0,0.9742210033592908,0.6952950402235138,0.2666666666666667,0.7859475922178588,0.486,0.4568,0.5653,0,0.25,0.0,"{'stable': 0.9, 'underperformer': 0.1}",0.30648148148148147,0.4125,0.3188657407407407,0.7859475922178588,tired,distinct,Refresh
500292,20048,VoxelRealm,VoxelRealm Legends,gaming,rewarded_video,feature-focus,fast,Learn more,Level up today,Free rewards for new players,fatigued,10.0,1,0.5919753086419753,1.1891264917570674,1.3547728740317286,0.0065223126385901,0.207713574785734,-0.8623036161376172,-0.1291329203674872,0.0148015630538861,1.0,0.9913282273695775,0.593996102020696,0.33333333333333337,0.7832979439132002,0.6215,0.5424,0.8785,1,0.225,0.2,"{'stable': 0.7, 'fatigued': 0.2, 'top_performer': 0.1}",0.712037037037037,0.8939814814814815,0.6357638888888889,0.7832979439132002,tired,moderate_repetition,Refresh
500181,20030,IronQuest,IronQuest Saga,gaming,playable,testimonial,competition,Book now,Win epic rewards,Free rewards for new players,fatigued,14.0,1,0.8444444444444444,2.626345336017448,2.073982577366754,0.0097601038718554,0.2124959533829718,-0.8409725578394248,-0.1496787586629673,0.0190612102885559,1.0,0.9668054492959095,0.6885045188173741,0.06666666666666665,0.7427355994207855,0.7727,0.6783,0.9137,2,0.175,0.4,"{'stable': 0.5, 'fatigued': 0.4, 'top_performer': 0.1}",0.9898148148148148,0.9768518518518519,0.7828703703703703,0.7828703703703703,tired,high_repetition,Refresh
500148,20024,GlitchWave,GlitchWave Quest,gaming,playable,food-closeup,challenge,Start now,Win epic rewards,Play with friends tonight,fatigued,11.0,1,0.7419753086419753,1.8293660060704056,1.81143525320508,0.0088181726224772,0.2054207068466527,-0.8626302959637626,-0.1417152978193048,0.016640864853128,1.0,0.9917037875863149,0.6518735444208489,0.2666666666666667,0.7816339891140819,0.6823,0.6013,0.7779,0,0.1,0.5,"{'stable': 0.5, 'fatigued': 0.5}",0.9009259259259259,0.4125,0.578587962962963,0.7816339891140819,tired,moderate_repetition,Refresh
500270,20045,DriftPass,DriftPass Trips,travel,interstitial,feature-focus,escape,Get offer,Last-minute savings,Hotels + flights in one tap,fatigued,10.0,1,0.5993827160493828,9.10589099538748,0.2864177660688047,0.0058274494994339,0.0491497637339676,-0.8265978053046019,-0.1373321472444614,0.011042308908147,1.0,0.950279833860072,0.6317115721784687,0.33333333333333337,0.7805789395673784,0.586,0.5277,0.6607,0,0.3,0.3,"{'stable': 0.7, 'fatigued': 0.3}",0.6370370370370371,0.4125,0.4966435185185185,0.7805789395673784,tired,distinct,Refresh
500390,20065,BingeLayer,BingeLayer Now,entertainment,rewarded_video,destination,last-minute deal,Get offer,Stream the hype,Cancel anytime,fatigued,13.0,1,0.6469135802469136,2.8718825597156736,0.5366988362818108,0.0055781132437237,0.0962151202085546,-0.8370959856687541,-0.1762135352227694,0.0115210773285629,1.0,0.9623488340779026,0.8105613405763668,0.1333333333333333,0.7793661433014156,0.5367,0.4811,0.5828,0,0.15,0.2,"{'stable': 0.7, 'fatigued': 0.2, 'underperformer': 0.1}",0.4162037037037037,0.4125,0.3487268518518518,0.7793661433014156,tired,distinct,Refresh
500113,20018,StormByte,StormByte Saga,gaming,playable,reward,competition,Book now,Join the arena,No ads in first week,fatigued,12.0,1,0.5830246913580247,1.1456034471882637,1.2811672644649803,0.0064700603061367,0.1980147330697687,-0.8847901600255557,-0.1513943057774639,0.0157797508729367,1.0,1.0,0.6963958318608946,0.19999999999999996,0.779279166372179,0.6696,0.6025,0.9521,1,0.225,0.5,"{'fatigued': 0.5, 'stable': 0.4, 'top_performer': 0.1}",0.9027777777777778,0.8939814814814815,0.7311342592592592,0.779279166372179,tired,moderate_repetition,Refresh
501013,20168,GlitchWave,GlitchWave Rush,gaming,interstitial,competitive,security,Book now,Unlock rare gear,Free rewards for new players,fatigued,10.0,1,0.6089506172839506,1.6798741649314906,1.0717321284026229,0.0060489573987322,0.1771763392857142,-0.8530424951714229,-0.1273061628494772,0.0134120219594504,1.0,0.980681385052025,0.5855932343247825,0.33333333333333337,0.7789556597946294,0.5759,0.5215,0.6174,0,0.275,0.1,"{'stable': 0.9, 'fatigued': 0.1}",0.6129629629629629,0.4125,0.47835648148148147,0.7789556597946294,tired,distinct,Refresh
500862,20143,StarVault,StarVault Play,entertainment,interstitial,trailer,cashback,Order now,Watch what’s trending,Start free today,fatigued,11.0,1,0.6574074074074074,2.7289658474780434,0.5239498547910403,0.0058960397945261,0.0888647080159593,-0.8161011300799794,-0.1528385744234801,0.0110657006383153,1.0,0.9382125639925193,0.7030392961577054,0.2666666666666667,0.7784943335630042,0.4659,0.4409,0.5268,0,0.3,0.0,"{'stable': 0.7, 'underperformer': 0.3}",0.21851851851851853,0.4125,0.28738425925925926,0.7784943335630042,tired,distinct,Refresh
500617,20102,IronQuest,IronQuest Arena,gaming,rewarded_video,reward,challenge,Install now,Beat your rivals,Free rewards for new players,fatigued,10.0,1,0.5904320987654321,1.0770036702501498,1.395403374903706,0.0067362937943321,0.207147048140594,-0.8834758315596857,-0.0615396327320046,0.0165765929424587,1.0,1.0,0.2830750041009646,0.33333333333333337,0.7232816674868595,0.717,0.6362,0.8732,2,0.2,0.3,"{'stable': 0.6, 'fatigued': 0.3, 'top_performer': 0.1}",0.9629629629629629,0.9768518518518519,0.7756944444444445,0.7756944444444445,tired,high_repetition,Refresh
500833,20138,IronQuest,IronQuest Rush,gaming,playable,fantasy,late-night,Learn more,Unlock rare gear,No ads in first week,fatigued,15.0,1,0.820679012345679,2.3866141507182825,1.8940152891449864,0.009571680050507,0.1978769953812495,-0.8426516676896332,0.0323757818539602,0.0175784089557367,1.0,0.9687358006944362,0.0,0.0,0.592183950173609,0.6817,0.6206,0.8223,1,0.325,0.5,"{'fatigued': 0.5, 'stable': 0.4, 'top_performer': 0.1}",0.9402777777777778,0.8939814814814815,0.7748842592592593,0.7748842592592593,at_risk,high_repetition,Refresh
500348,20058,CraveLoop,CraveLoop Bites,food_delivery,native,urgency,late-night,Install now,"Your cravings, delivered",Fresh favorites nearby,fatigued,12.0,1,0.6194444444444445,2.168084048306802,0.5767056684040154,0.0057744472899601,0.0998720118905082,-0.8372393548998538,-0.1528704939919893,0.0118447000230308,1.0,0.9625136553346684,0.7031861223831071,0.19999999999999996,0.7712656383102885,0.6107,0.5608,0.7102,0,0.375,0.2,"{'stable': 0.7, 'fatigued': 0.2, 'top_performer': 0.1}",0.7777777777777778,0.4125,0.5857638888888889,0.7712656383102885,tired,moderate_repetition,Refresh
500325,20054,StormByte,StormByte Saga,gaming,interstitial,competitive,power-up,Try for free,Beat your rivals,Play with friends tonight,stable,,0,0.5459876543209877,0.9299153656421766,1.145300990715028,0.0062341074652033,0.1837153108296111,-0.8765621982269473,-0.1998525889073154,0.0153928053642624,0.0,1.0,0.9192981809120372,0.0,0.4338596361824074,0.7014,0.6102,0.8728,1,0.35,0.2,"{'stable': 0.8, 'fatigued': 0.2}",0.9199074074074074,0.8939814814814815,0.7709490740740741,0.7709490740740741,at_risk,high_repetition,Refresh
500903,20150,NeonArena,NeonArena Saga,gaming,playable,fantasy,power-up,Start now,Unlock rare gear,Free rewards for new players,fatigued,14.0,1,0.6552469135802469,1.146934406144233,1.965483278022095,0.0083217796626119,0.2361854504334715,-0.865472576925149,-0.0324743709993253,0.0172640864409249,1.0,0.9949713528549822,0.14937825098571741,0.06666666666666665,0.6419518217442223,0.7258,0.6094,0.902,1,0.35,0.5,"{'fatigued': 0.5, 'stable': 0.4, 'top_performer': 0.1}",0.9185185185185185,0.8939814814814815,0.7702546296296297,0.7702546296296297,at_risk,high_repetition,Refresh
500900,20150,NeonArena,NeonArena Saga,gaming,rewarded_video,feature-focus,challenge,Install now,Join the arena,Free rewards for new players,fatigued,12.0,1,0.6327160493827161,1.0679155935397855,1.6843633893255614,0.0080061796347845,0.210382912470199,-0.8629561020914716,-0.1435271994758136,0.0141579087924344,1.0,0.9920783433750225,0.6602080769176609,0.19999999999999996,0.7700612012272878,0.6487,0.5994,0.9001,1,0.25,0.5,"{'stable': 0.5, 'fatigued': 0.5}",0.8935185185185185,0.8939814814814815,0.7327546296296297,0.7700612012272878,tired,moderate_repetition,Refresh
500293,20048,VoxelRealm,VoxelRealm Legends,gaming,rewarded_video,feature-focus,power-up,Start now,Join the arena,Free rewards for new players,fatigued,11.0,1,0.653395061728395,1.40889361706135,1.5817165004271128,0.0074416558492368,0.2125489988346223,-0.8792266112804491,-0.1041097849061295,0.0164162448512818,1.0,1.0,0.4788926498406998,0.2666666666666667,0.7491118633014733,0.7089,0.6187,0.8477,1,0.3,0.5,"{'fatigued': 0.5, 'stable': 0.5}",0.9388888888888889,0.8939814814814815,0.7679398148148148,0.7679398148148148,tired,high_repetition,Refresh
500972,20162,StormByte,StormByte Arena,gaming,playable,celebrity,free rewards,Claim reward,Beat your rivals,No ads in first week,fatigued,11.0,1,0.6222222222222222,1.0281080078001716,1.743798695757269,0.0073832579730435,0.236182820934053,-0.8759714266891566,-0.1204676926246109,0.0162822694646116,1.0,1.0,0.5541370832070392,0.2666666666666667,0.7641607499747411,0.6787,0.5831,0.8633,1,0.2,0.4,"{'fatigued': 0.4, 'stable': 0.4, 'top_performer': 0.2}",0.836574074074074,0.8939814814814815,0.6917824074074074,0.7641607499747411,tired,moderate_repetition,Refresh
500905,20150,NeonArena,NeonArena Saga,gaming,playable,reward,cashback,Start now,Level up today,No ads in first week,fatigued,13.0,1,0.5996913580246913,0.8913838233133204,1.5253084901702665,0.0070583129602036,0.2161010001639613,-0.8893688409213276,-0.0589589218981683,0.0174131731946144,1.0,1.0,0.2712040406674813,0.1333333333333333,0.6809074748001629,0.7264,0.6244,0.849,1,0.275,0.4,"{'stable': 0.6, 'fatigued': 0.4}",0.9435185185185185,0.8939814814814815,0.7640046296296297,0.7640046296296297,tired,high_repetition,Refresh
500504,20084,VoxelRealm,VoxelRealm Legends,gaming,interstitial,gameplay,challenge,Start now,Beat your rivals,Free rewards for new players,fatigued,12.0,1,0.6188271604938271,1.3120184424515202,1.2570285242385362,0.0070605319092922,0.1780359525865452,-0.8390402662886046,-0.1404521369787362,0.0141450140773443,1.0,0.9645840331705594,0.6460631545265625,0.19999999999999996,0.7603586391979524,0.6771,0.6111,0.765,0,0.25,0.3,"{'stable': 0.7, 'fatigued': 0.3}",0.9226851851851852,0.4125,0.6269675925925926,0.7603586391979524,tired,moderate_repetition,Refresh
501074,20179,StarVault,StarVault Now,entertainment,rewarded_video,ugc,exclusive,Install now,A new season drops,Start free today,fatigued,10.0,1,0.6098765432098765,2.5738144501823146,0.500907624405894,0.0054889082162564,0.0912581527456343,-0.8337724596796023,-0.1118858287091244,0.0118101949466916,1.0,0.9585280161365377,0.5146615281017703,0.33333333333333337,0.7592309763211551,0.6787,0.5912,0.9147,1,0.2,0.2,"{'stable': 0.8, 'fatigued': 0.2}",0.8662037037037037,0.8939814814814815,0.7065972222222222,0.7592309763211551,tired,moderate_repetition,Refresh
500401,20066,IronQuest,IronQuest Battle,gaming,playable,ugc,power-up,Watch now,Beat your rivals,No ads in first week,fatigued,14.0,1,0.7024691358024691,1.457210074805561,2.17952565580396,0.0098517106425737,0.2212332187656061,-0.8401173047764847,-0.1676149461863747,0.0168667749502798,1.0,0.9658222265806501,0.7710088519006573,0.06666666666666665,0.7589906603586273,0.6725,0.5831,0.8633,1,0.1,0.4,"{'fatigued': 0.4, 'stable': 0.4, 'top_performer': 0.2}",0.836574074074074,0.8939814814814815,0.6667824074074074,0.7589906603586273,tired,moderate_repetition,Refresh
500686,20114,NeonArena,NeonArena Quest,gaming,playable,reward,last-minute deal,Shop now,Unlock rare gear,No ads in first week,fatigued,13.0,1,0.8533950617283951,2.86183666761179,1.9951308449136724,0.0096473834521935,0.2068053845688106,-0.8572055661138154,-0.0118413323302382,0.0178741173454477,1.0,0.9854673672287215,0.054468722823557136,0.1333333333333333,0.6339272530385585,0.7176,0.6277,0.9162,1,0.225,0.6,"{'fatigued': 0.6, 'stable': 0.3, 'top_performer': 0.1}",0.9532407407407407,0.8939814814814815,0.7563657407407407,0.7563657407407407,at_risk,high_repetition,Refresh
500426,20071,StarVault,StarVault Play,entertainment,rewarded_video,trailer,new season,Claim reward,Watch what’s trending,Cancel anytime,fatigued,14.0,1,0.7586419753086421,3.248322829353934,0.6720454683047674,0.0067566167427085,0.0994647904263635,-0.8084116358212523,-0.174046836697439,0.0131790567463233,1.0,0.929372507462296,0.8005947846072331,0.06666666666666665,0.7557954171203539,0.5466,0.5156,0.6183,0,0.3,0.4,"{'stable': 0.5, 'fatigued': 0.4, 'underperformer': 0.1}",0.5833333333333334,0.4125,0.4697916666666667,0.7557954171203539,tired,distinct,Refresh
500036,20006,NeonArena,NeonArena Quest,gaming,rewarded_video,competitive,free rewards,Claim reward,Level up today,No ads in first week,fatigued,11.0,1,0.6990740740740741,1.6792476112788166,1.5126149051361992,0.0079682430994118,0.1898304163496032,-0.8332122842724801,-0.1224603013783933,0.0158221468994042,1.0,0.9578840229037991,0.5633028468963507,0.2666666666666667,0.7554649084385533,0.7209,0.5958,0.9138,1,0.3,0.6,"{'fatigued': 0.6, 'stable': 0.4}",0.8870370370370371,0.8939814814814815,0.7420138888888889,0.7554649084385533,tired,moderate_repetition,Refresh
501009,20168,GlitchWave,GlitchWave Rush,gaming,interstitial,fantasy,fast,Try for free,Unlock rare gear,Play with friends tonight,fatigued,11.0,1,0.6003086419753086,1.656483813200896,1.037361994971078,0.0059984315608579,0.1729388731781596,-0.8622986549215874,-0.1103601396283303,0.0131195096815001,1.0,0.991322523817603,0.5076435394718515,0.2666666666666667,0.7526926721821043,0.5601,0.5101,0.6797,0,0.275,0.5,"{'fatigued': 0.5, 'stable': 0.4, 'top_performer': 0.1}",0.5611111111111111,0.4125,0.45243055555555556,0.7526926721821043,tired,distinct,Refresh
500562,20093,RouteBloom,RouteBloom Travel,travel,rewarded_video,ugc,discover,Book now,Dream destinations await,Hotels + flights in one tap,fatigued,12.0,1,0.766358024691358,10.260437991688736,0.3878485073675056,0.0072490377752015,0.0535034468566725,-0.8002388904956953,0.0375318497058623,0.0128271895130453,1.0,0.9199768920610562,0.0,0.19999999999999996,0.6199942230152641,0.6547,0.6186,0.8163,1,0.225,0.2,"{'top_performer': 0.8, 'fatigued': 0.2}",0.9375,0.8939814814814815,0.7484953703703704,0.7484953703703704,at_risk,moderate_repetition,Monitor
500861,20143,StarVault,StarVault Play,entertainment,interstitial,drama,new season,Try for free,A new season drops,Cancel anytime,fatigued,13.0,1,0.6265432098765432,2.5694416390265284,0.5075706912221136,0.0056863652915253,0.0892610068471281,-0.8207422966558273,-0.0464135555442984,0.0105052979695109,1.0,0.9435481782105953,0.21349684492364115,0.1333333333333333,0.6552530802040437,0.6734,0.5811,0.9277,1,0.425,0.0,"{'stable': 0.8, 'underperformer': 0.2}",0.8314814814814815,0.8939814814814815,0.7454861111111111,0.7454861111111111,tired,moderate_repetition,Refresh
500054,20009,DriftPass,DriftPass Travel,travel,rewarded_video,feature-focus,last-minute deal,Learn more,Last-minute savings,Hotels + flights in one tap,fatigued,14.0,1,0.7222222222222222,7.150438808452111,0.3916880210523893,0.0070509455365662,0.0555511341026661,-0.8030628164260534,0.0212264150943397,0.0135623050742173,1.0,0.9232233558753956,0.0,0.06666666666666665,0.5941391723021822,0.6671,0.5918,0.823,1,0.35,0.5,"{'fatigued': 0.5, 'top_performer': 0.3, 'stable': 0.2}",0.8689814814814815,0.8939814814814815,0.7454861111111111,0.7454861111111111,at_risk,moderate_repetition,Monitor
500365,20060,GlitchWave,GlitchWave Saga,gaming,interstitial,competitive,last-minute deal,Try for free,Win epic rewards,Play with friends tonight,fatigued,13.0,1,0.6401234567901235,1.360609093235507,1.2826849137412897,0.007530298505761,0.1703365295226964,-0.8472895489725671,-0.0030308535354753,0.0153607698514063,1.0,0.9740676380483778,0.013941566416562301,0.1333333333333333,0.6229718894620735,0.6568,0.5942,0.8563,1,0.325,0.4,"{'stable': 0.5, 'fatigued': 0.4, 'top_performer': 0.1}",0.8810185185185185,0.8939814814814815,0.7452546296296296,0.7452546296296296,at_risk,moderate_repetition,Monitor
500255,20042,NeonArena,NeonArena Arena,gaming,interstitial,fantasy,power-up,Get offer,Join the arena,No ads in first week,fatigued,10.0,1,0.6660493827160494,1.9030192431994128,1.041422540068231,0.0064679701012347,0.1610122687285494,-0.8690454973274042,-0.0851568809845991,0.014620529098248,1.0,0.9990788815520845,0.3917115420385694,0.33333333333333337,0.7447786954624016,0.5785,0.5356,0.6283,0,0.325,0.3,"{'stable': 0.7, 'fatigued': 0.3}",0.6768518518518518,0.4125,0.5228009259259259,0.7447786954624016,tired,distinct,Refresh
500613,20102,IronQuest,IronQuest Arena,gaming,interstitial,competitive,challenge,Watch now,Win epic rewards,Play with friends tonight,fatigued,13.0,1,0.6083333333333333,1.1986383338830635,1.2769039743385946,0.0069757236089494,0.1830496799931119,-0.870506379163156,-0.1266788275986534,0.0148874060128885,1.0,1.0,0.5827075666531378,0.1333333333333333,0.7432081799972942,0.6716,0.6029,0.8127,1,0.275,0.5,"{'stable': 0.5, 'fatigued': 0.5}",0.9046296296296297,0.8939814814814815,0.7445601851851852,0.7445601851851852,tired,moderate_repetition,Refresh
500813,20135,WayPoint,WayPoint Trips,travel,interstitial,discount,escape,Learn more,Book your next trip,Hotels + flights in one tap,fatigued,11.0,1,0.782716049382716,9.678912667290913,0.4213083260454149,0.0071936384052862,0.058566792255754,-0.8488477698316815,-0.1055823995065282,0.0129938048748888,1.0,0.9758590120994749,0.48566650216221696,0.2666666666666667,0.7444313867906455,0.621,0.5641,0.7109,0,0.325,0.4,"{'stable': 0.6, 'fatigued': 0.4}",0.7888888888888889,0.4125,0.5788194444444444,0.7444313867906455,tired,moderate_repetition,Refresh
500688,20114,NeonArena,NeonArena Quest,gaming,interstitial,reward,challenge,Try for free,Beat your rivals,No ads in first week,fatigued,10.0,1,0.7049382716049383,2.1286219526734773,1.0924466215265267,0.0066302806061851,0.1647662725627971,-0.8697219692558464,-0.0844800454663653,0.015250132445319,1.0,0.9998565725012325,0.3885981790138975,0.33333333333333337,0.7443504455947543,0.6174,0.574,0.6633,0,0.3,0.5,"{'fatigued': 0.5, 'stable': 0.4, 'top_performer': 0.1}",0.812037037037037,0.4125,0.5841435185185185,0.7443504455947543,tired,moderate_repetition,Refresh
500185,20030,IronQuest,IronQuest Saga,gaming,playable,fantasy,free rewards,Learn more,Unlock rare gear,Play with friends tonight,fatigued,13.0,1,0.8052469135802469,2.2948131572418267,1.812075163192118,0.0090199201844102,0.2008970285927864,-0.8843582622473785,-0.1266344578480401,0.0190229431424387,1.0,1.0,0.5825034710682403,0.1333333333333333,0.7431673608803147,0.7097,0.6514,0.7711,0,0.375,0.7,"{'fatigued': 0.7, 'stable': 0.3}",0.9787037037037037,0.4125,0.6862268518518518,0.7431673608803147,tired,moderate_repetition,Refresh
500037,20006,NeonArena,NeonArena Quest,gaming,native,gameplay,security,Watch now,Beat your rivals,Play with friends tonight,fatigued,10.0,1,0.5916666666666667,1.7615166158630438,1.0285648126030016,0.0056219745087228,0.1829543714591946,-0.832870784939646,-0.0943852463171553,0.0119264811526627,1.0,0.957491425769877,0.434160926904657,0.33333333333333337,0.7428717084900672,0.5013,0.4279,0.6569,0,0.175,0.5,"{'fatigued': 0.5, 'stable': 0.5}",0.16898148148148148,0.4125,0.23136574074074073,0.7428717084900672,tired,distinct,Refresh
500361,20060,GlitchWave,GlitchWave Saga,gaming,interstitial,competitive,power-up,Shop now,Win epic rewards,Play with friends tonight,fatigued,13.0,1,0.6453703703703703,1.3740055243669786,1.3086568766820514,0.0076545283005928,0.1709650582362728,-0.8777776222736439,0.1085860452090574,0.0160856350964433,1.0,1.0,0.0,0.1333333333333333,0.6266666666666666,0.6813,0.5907,0.8563,1,0.35,0.4,"{'stable': 0.5, 'fatigued': 0.4, 'top_performer': 0.1}",0.8634259259259259,0.8939814814814815,0.7427083333333333,0.7427083333333333,at_risk,moderate_repetition,Monitor
500545,20090,StormByte,StormByte Arena,gaming,playable,gameplay,discover,Learn more,Unlock rare gear,Free rewards for new players,fatigued,10.0,1,0.6203703703703703,1.3529604415219223,1.4519624624998666,0.0067763481678708,0.2142691648259989,-0.8746167690997513,-0.0824672968400037,0.0152311593248353,1.0,1.0,0.37933977430188487,0.33333333333333337,0.7425346215270436,0.65,0.6089,0.7711,0,0.225,0.6,"{'fatigued': 0.6, 'stable': 0.3, 'top_performer': 0.1}",0.9166666666666666,0.4125,0.6177083333333333,0.7425346215270436,tired,moderate_repetition,Refresh
501012,20168,GlitchWave,GlitchWave Rush,gaming,playable,gameplay,competition,Start now,Unlock rare gear,Play with friends tonight,fatigued,13.0,1,0.7441358024691359,1.925508485064317,1.6468854560289976,0.0081600866188608,0.2018220556902505,-0.858041734930288,-0.1104699037262311,0.0173839847752891,1.0,0.9864286501632967,0.5081484412901435,0.1333333333333333,0.7249035174655194,0.7117,0.6162,0.8785,1,0.2,0.5,"{'fatigued': 0.5, 'stable': 0.4, 'top_performer': 0.1}",0.9324074074074075,0.8939814814814815,0.7396990740740741,0.7396990740740741,tired,moderate_repetition,Refresh
500070,20011,FluxStream,FluxStream Play,entertainment,rewarded_video,product-focus,security,Install now,Binge starts now,Start free today,fatigued,16.0,1,0.6811728395061728,2.203755520198999,0.6718273796663617,0.0064001728409817,0.1049701932054873,-0.7974974029124502,-0.1732584414107503,0.012194516486712,1.0,0.9168252016640854,0.7969682598929165,0.0,0.7385999523946046,0.6999,0.5848,0.847,1,0.15,0.2,"{'stable': 0.6, 'fatigued': 0.2, 'underperformer': 0.2}",0.8435185185185186,0.8939814814814815,0.6827546296296296,0.7385999523946046,tired,moderate_repetition,Refresh
500472,20078,NeonArena,NeonArena Rush,gaming,rewarded_video,fantasy,power-up,Claim reward,Level up today,Play with friends tonight,fatigued,11.0,1,0.6567901234567901,1.3803580640758415,1.479409096316383,0.0079095786077616,0.1870401913528793,-0.8484420929534169,-0.098979111612012,0.0161295446906776,1.0,0.9753926346738343,0.4552921618413996,0.2666666666666667,0.7382399243700718,0.6257,0.5225,0.7186,0,0.275,0.4,"{'stable': 0.5, 'fatigued': 0.4, 'top_performer': 0.1}",0.6148148148148148,0.4125,0.47928240740740746,0.7382399243700718,tired,distinct,Refresh
500598,20099,WayPoint,WayPoint Travel,travel,interstitial,discount,last-minute deal,Shop now,Book your next trip,Special fares today,fatigued,13.0,1,0.7388888888888889,8.579681793924244,0.3953905713327191,0.0066840975776003,0.0591539196940726,-0.834764026643883,-0.1272984606065548,0.0130752851988338,1.0,0.9596679491051845,0.58555780492181,0.1333333333333333,0.7336952149273248,0.5717,0.5308,0.6801,0,0.5,0.4,"{'stable': 0.5, 'fatigued': 0.4, 'top_performer': 0.1}",0.6527777777777778,0.4125,0.5545138888888889,0.7336952149273248,tired,moderate_repetition,Refresh
500899,20149,MoonScreen,MoonScreen Box,entertainment,interstitial,food-closeup,trending,Watch now,Exclusive tonight,Cancel anytime,stable,,0,0.6314814814814814,2.3860765835221294,0.5132521801091852,0.0059557536054422,0.0861775375731102,-0.7285350579358396,-0.2101241851487673,0.0098835997007199,0.0,0.8375441712688676,0.9665463040985165,0.0,0.4026953036369202,0.69,0.5918,0.8516,1,0.3,0.1,"{'stable': 0.8, 'underperformer': 0.1, 'fatigued': 0.1}",0.8689814814814815,0.8939814814814815,0.7329861111111111,0.7329861111111111,at_risk,moderate_repetition,Monitor
500998,20166,CraveLoop,CraveLoop Go,food_delivery,native,discount,free delivery,Order now,"Your cravings, delivered",Free delivery over $15,fatigued,12.0,1,0.678395061728395,2.389741316104451,0.6492363507589485,0.0061074180606793,0.1063029162746942,-0.8333580624785766,-0.1108472414627174,0.0117891816920943,1.0,0.9580516135852416,0.5098841500774948,0.19999999999999996,0.7314897334118093,0.642,0.544,0.6896,0,0.425,0.2,"{'stable': 0.5, 'underperformer': 0.2, 'fatigued': 0.2, 'top_performer': 0.1}",0.7166666666666667,0.4125,0.5677083333333334,0.7314897334118093,tired,moderate_repetition,Refresh
500722,20120,VoxelRealm,VoxelRealm Arena,gaming,rewarded_video,combo,free rewards,Learn more,Unlock rare gear,Free rewards for new players,fatigued,12.0,1,0.6314814814814814,1.2258823644489802,1.4179716410926448,0.0074771270953966,0.1896412382726026,-0.8905556372258764,-0.0617270573930107,0.0176382910343326,1.0,1.0,0.2839371352890718,0.19999999999999996,0.6967874270578144,0.699,0.6158,0.902,1,0.15,0.7,"{'fatigued': 0.7, 'stable': 0.3}",0.9314814814814815,0.8939814814814815,0.7267361111111111,0.7267361111111111,tired,moderate_repetition,Refresh
500602,20100,QuickFork,QuickFork Kitchen,food_delivery,rewarded_video,gameplay,fast,Book now,Hungry? We got you,Fresh favorites nearby,fatigued,10.0,1,0.6015432098765432,1.5232592849757205,0.6814039455949854,0.0067941845362703,0.1002922340359385,-0.8494061577017884,-0.0711135524676915,0.0121016811275361,1.0,0.9765009503299292,0.3271138981945334,0.33333333333333337,0.7262146838880555,0.4832,0.4201,0.6685,0,0.05,0.1,"{'stable': 0.7, 'underperformer': 0.2, 'fatigued': 0.1}",0.15231481481481482,0.4125,0.1917824074074074,0.7262146838880555,tired,distinct,Refresh
500711,20118,BiteRush,BiteRush Bites,food_delivery,native,discount,fast,Book now,Dinner in minutes,Free delivery over $15,fatigued,12.0,1,0.5901234567901236,2.784619082622611,0.4952721565524997,0.0051444451011689,0.0962731930874256,-0.84283818965066,-0.1018054054054052,0.0120069625589869,1.0,0.9689502315300836,0.4682927777313158,0.19999999999999996,0.725896113428784,0.5931,0.454,0.6739,0,0.35,0.2,"{'stable': 0.7, 'fatigued': 0.2, 'underperformer': 0.1}",0.2814814814814815,0.4125,0.33136574074074077,0.725896113428784,tired,distinct,Refresh
500708,20118,BiteRush,BiteRush Bites,food_delivery,native,discount,late-night,Shop now,"Your cravings, delivered",Late-night deals available,fatigued,12.0,1,0.5839506172839506,2.790607377086848,0.4980215682890215,0.005046268786626,0.0986910506251499,-0.8475412366672901,-0.0979483720884771,0.0119499040339896,1.0,0.9743569852244665,0.4505508824105926,0.19999999999999996,0.7236994227882351,0.5726,0.5115,0.6348,0,0.35,0.1,"{'stable': 0.7, 'underperformer': 0.2, 'fatigued': 0.1}",0.5657407407407408,0.4125,0.47349537037037037,0.7236994227882351,tired,distinct,Refresh
500017,20002,EarnPath,EarnPath Invest,fintech,banner,feature-focus,security,Try for free,Save with confidence,Built for peace of mind,stable,,0,0.2935185185185185,5.647415270613856,0.2513243137119469,0.0028604827922653,0.0878608025161061,-0.6969457977285635,-0.2855514378084861,0.0065699879038286,0.0,0.8012282788857865,1.0,0.0,0.40030706972144664,0.6924,0.5929,0.9824,1,0.25,0.1,"{'stable': 0.9, 'fatigued': 0.1}",0.8731481481481481,0.8939814814814815,0.7225694444444444,0.7225694444444444,at_risk,moderate_repetition,Monitor
500112,20018,StormByte,StormByte Saga,gaming,playable,fantasy,power-up,Try for free,Win epic rewards,Play with friends tonight,fatigued,13.0,1,0.650925925925926,1.4348041166125531,1.652897948675227,0.0072389393833539,0.2283342712436691,-0.8946835026187515,-0.1040497590052856,0.0183064437736285,1.0,1.0,0.478616537823562,0.1333333333333333,0.722389974231379,0.6936,0.6256,0.7861,0,0.175,0.6,"{'fatigued': 0.6, 'stable': 0.4}",0.9462962962962963,0.4125,0.6200231481481482,0.722389974231379,tired,moderate_repetition,Refresh
500829,20138,IronQuest,IronQuest Rush,gaming,interstitial,competitive,competition,Get offer,Join the arena,Play with friends tonight,fatigued,13.0,1,0.7472222222222222,2.136563628433516,1.243727752283741,0.0075882905267729,0.1639009139009139,-0.8807259394105178,-0.1032434046249048,0.016003764955352,1.0,1.0,0.47490740341050575,0.1333333333333333,0.7216481473487677,0.6747,0.5936,0.7672,0,0.325,0.7,"{'fatigued': 0.7, 'stable': 0.3}",0.8763888888888889,0.4125,0.6225694444444445,0.7216481473487677,tired,moderate_repetition,Refresh
500145,20024,GlitchWave,GlitchWave Quest,gaming,native,family,competition,Book now,Join the arena,No ads in first week,fatigued,10.0,1,0.6024691358024691,1.741360444895807,1.0681100165386077,0.0057922003696612,0.1844048804204385,-0.8403868909737482,-0.0689316980713327,0.0116609143551627,1.0,0.9661321503732159,0.3170776270180926,0.33333333333333337,0.721615229663589,0.5342,0.435,0.6055,0,0.325,0.2,"{'stable': 0.8, 'fatigued': 0.2}",0.1935185185185185,0.4125,0.2811342592592593,0.721615229663589,tired,distinct,Refresh
500520,20086,VaultRun,VaultRun Pay,fintech,rewarded_video,feature-focus,security,Learn more,"Your money, clearer",No hidden fees,fatigued,10.0,1,0.7561728395061729,9.614111876467398,0.5279712708436587,0.0055372817125284,0.0953484576464827,-0.7981131789101129,-0.0813675185548951,0.0092269370984667,1.0,0.9175331148825803,0.37428092476466035,0.33333333333333337,0.7209061303402438,0.5954,0.5088,0.7975,0,0.2,0.2,"{'stable': 0.8, 'fatigued': 0.2}",0.5560185185185185,0.4125,0.4311342592592592,0.7209061303402438,tired,distinct,Refresh
500680,20113,MoonScreen,MoonScreen Play,entertainment,rewarded_video,ugc,book now,Book now,Binge starts now,Start free today,fatigued,11.0,1,0.6987654320987655,2.664890201507248,0.5869854143613147,0.0062635771733129,0.0937140867142608,-0.8148505014915308,-0.0903672989554799,0.0119450336044961,1.0,0.9367748065733429,0.4156788460830695,0.2666666666666667,0.720662804193283,0.5142,0.4694,0.5491,0,0.225,0.3,"{'stable': 0.6, 'fatigued': 0.3, 'underperformer': 0.1}",0.36157407407407405,0.4125,0.340162037037037,0.720662804193283,tired,distinct,Refresh
500615,20102,IronQuest,IronQuest Arena,gaming,playable,minimalist,challenge,Install now,Level up today,Play with friends tonight,fatigued,12.0,1,0.6743827160493826,1.3410847271735749,1.8872749317925377,0.0085748283166763,0.2200947776554497,-0.8613514558851754,-0.0898113309754408,0.0165220417231546,1.0,0.9902335974531997,0.4131214593837543,0.19999999999999996,0.7201826912400509,0.584,0.5185,0.6611,0,0.1,0.5,"{'fatigued': 0.5, 'stable': 0.4, 'top_performer': 0.1}",0.5962962962962963,0.4125,0.4262731481481482,0.7201826912400509,tired,distinct,Refresh
500614,20102,IronQuest,IronQuest Arena,gaming,playable,competitive,challenge,Learn more,Join the arena,No ads in first week,fatigued,13.0,1,0.6716049382716051,1.3309680726773665,1.8792307160260533,0.0085066510412112,0.2209131075110456,-0.8660232695904571,-0.1026227297662868,0.0177429125272595,1.0,0.9956044444639105,0.47205237275223394,0.1333333333333333,0.7199782523330911,0.6132,0.5544,0.7906,0,0.225,0.7,"{'fatigued': 0.7, 'stable': 0.3}",0.7537037037037037,0.4125,0.5362268518518518,0.7199782523330911,tired,distinct,Refresh
500312,20052,FreshDash,FreshDash Eats,food_delivery,interstitial,discount,watch now,Book now,Hungry? We got you,Free delivery over $15,fatigued,12.0,1,0.645679012345679,2.1578676957609653,0.5776982740587072,0.0061858848001942,0.0933897563111046,-0.8521150487323912,-0.0900460688631252,0.013206361460302,1.0,0.9796151668231096,0.4142012257971855,0.19999999999999996,0.7177440368652145,0.5559,0.5022,0.7027,0,0.2,0.1,"{'stable': 0.7, 'underperformer': 0.2, 'fatigued': 0.1}",0.5226851851851851,0.4125,0.4144675925925926,0.7177440368652145,tired,distinct,Refresh
500683,20113,MoonScreen,MoonScreen Play,entertainment,rewarded_video,drama,exclusive,Shop now,A new season drops,New hits every week,fatigued,10.0,1,0.6768518518518519,2.651514442207762,0.5939627640318674,0.0058776168551347,0.1010550327915597,-0.826225550280896,-0.0674412510364034,0.0112791359707389,1.0,0.9498518791282656,0.3102217476149407,0.33333333333333337,0.7161739859717211,0.5468,0.4657,0.5745,0,0.375,0.1,"{'stable': 0.9, 'fatigued': 0.1}",0.3421296296296296,0.4125,0.36793981481481486,0.7161739859717211,tired,distinct,Refresh
