creative_id,k,actual,neighbor_prediction,self_in_neighbors,label_consistency,hit_top_performer,ndcg,fatigue_consistency
500000,5,0.3410493827160494,0.46539430176929564,False,0.8,0.0,0.9047172294870751,0.8
500001,5,0.5978395061728395,0.674616693532279,False,0.4,0.0,0.5706417189553201,0.4
500002,5,0.6074074074074074,0.5934865075601787,False,0.6,0.0,1.0,0.6
500003,5,0.4916666666666667,0.5652307937603878,False,0.8,0.0,0.9828920819566879,0.8
500004,5,0.5191358024691358,0.5984053090878887,False,0.4,0.0,0.6240505200038379,0.4
500005,5,0.5419753086419753,0.6894108682730625,False,0.6,0.0,0.8529278650606567,0.8
500006,5,0.1296296296296296,0.3305753665645883,False,0.4,0.0,0.8503449055347546,1.0
500007,5,0.4419753086419752,0.31838748704444164,False,0.4,0.0,0.6934264036172708,0.8
500008,5,0.2496913580246913,0.2883412463319034,False,0.6,0.0,0.6797310500037655,1.0
500009,5,0.1925925925925926,0.18599268930850568,False,0.6,0.0,1.0,1.0
500010,5,0.2487654320987654,0.48240699773427476,False,0.8,0.0,0.9047172294870751,0.8
500011,5,0.2095679012345679,0.4920279905644464,False,0.0,0.0,0.0,1.0
500012,5,0.3620370370370371,0.4364053348781506,False,1.0,0.0,1.0,1.0
500013,5,0.2617283950617284,0.46528942757261,False,1.0,0.0,1.0,1.0
500014,5,0.3932098765432099,0.45826376104301114,False,1.0,0.0,1.0,1.0
500015,5,0.3101851851851852,0.33184923985585507,False,0.8,0.0,0.9828920819566879,1.0
500016,5,0.4858024691358024,0.5306829490288046,False,1.0,0.0,1.0,1.0
500017,5,0.2935185185185185,0.47628988589505533,False,1.0,0.0,1.0,1.0
500018,5,0.8944444444444444,0.7091107858005192,False,0.0,0.0,0.0,0.4
500019,5,0.4132716049382716,0.4865731285038874,False,0.8,0.0,0.9047172294870751,0.8
500020,5,0.645679012345679,0.5142680269166873,False,0.6,0.0,0.6182885020492784,0.8
500021,5,0.3435185185185185,0.6521785669216029,False,0.2,0.0,0.5,0.2
500022,5,0.6885802469135802,0.7431154321171348,False,0.2,0.0,0.38685280723454163,0.6
500023,5,0.7404320987654321,0.4999023797908253,False,0.0,0.0,0.0,0.0
500024,5,0.5972222222222222,0.25195647131468313,False,0.4,0.0,0.9197207891481876,1.0
500025,5,0.3759259259259259,0.4749389484789419,False,0.6,0.0,0.7328286204777911,0.8
500026,5,0.4817901234567901,0.3285789903065059,False,0.8,0.0,0.9558295932317544,1.0
500027,5,0.2700617283950617,0.22358222145410173,False,0.6,0.0,0.7122630665145961,1.0
500028,5,0.683641975308642,0.4070887477594467,False,0.8,0.0,0.9828920819566879,1.0
500029,5,0.2435185185185185,0.23741327211560273,False,0.6,0.0,0.8854598815714874,1.0
500030,5,0.6953703703703704,0.5390473667912385,False,0.0,0.0,0.0,0.0
500031,5,0.3253086419753086,0.40655803106263577,False,0.6,0.0,0.6797310500037655,0.8
500032,5,0.4759259259259258,0.4176916291095361,False,0.4,0.0,0.8772153153380493,0.8
500033,5,0.3271604938271604,0.5645652223162232,False,0.6,0.0,0.9060254355346823,0.8
500034,5,0.1950617283950617,0.5765442161620447,False,0.0,0.0,0.0,1.0
500035,5,0.6972222222222223,0.4648771961202657,False,0.4,0.0,0.5012658353418871,0.8
500036,5,0.6990740740740741,0.6260377683580296,False,0.6,0.0,0.6797310500037655,0.6
500037,5,0.5916666666666667,0.5284325824115377,False,0.4,0.0,0.8772153153380493,0.4
500038,5,0.7802469135802469,0.6582808993108245,False,0.0,0.0,0.0,0.6
500039,5,0.65,0.6195299190269672,False,0.2,0.0,0.6309297535714575,0.2
500040,5,0.6895061728395063,0.6548679092327461,False,0.4,0.0,0.6934264036172708,0.4
500041,5,0.5780864197530864,0.6847894034972238,False,0.2,0.0,0.38685280723454163,0.2
500042,5,0.3040123456790123,0.2685808101693006,False,0.4,0.0,0.5437713091520254,1.0
500043,5,0.7777777777777778,0.5754839947485834,False,0.8,0.0,0.9828920819566879,0.8
500044,5,0.649074074074074,0.4626607307261266,False,1.0,0.0,1.0,1.0
500045,5,0.578395061728395,0.3559122919609823,False,1.0,0.0,1.0,1.0
500046,5,0.5981481481481481,0.26843951506226355,False,0.4,0.0,0.9197207891481876,1.0
500047,5,0.7435185185185186,0.3526186652516864,False,0.8,0.0,1.0,1.0
500048,5,0.6052469135802468,0.5012639763225585,False,0.6,0.0,0.9060254355346823,0.8
500049,5,0.3657407407407407,0.3637990555234332,False,1.0,0.0,1.0,1.0
500050,5,0.2876543209876543,0.36582769110291724,False,1.0,0.0,1.0,1.0
500051,5,0.3126543209876544,0.47030167066890144,False,1.0,0.0,1.0,1.0
500052,5,0.2685185185185185,0.48432439369376745,False,1.0,0.0,1.0,1.0
500053,5,0.4805555555555555,0.5003064346232403,False,1.0,0.0,1.0,1.0
500054,5,0.7222222222222222,0.8019213888278289,False,0.6,0.0,0.7328286204777911,0.6
500055,5,0.854320987654321,0.653751925043352,False,0.2,1.0,0.43067655807339306,0.4
500056,5,0.7768518518518519,0.8331547408670565,False,0.4,0.0,1.0,0.4
500057,5,0.4993827160493827,0.6381871774090571,False,0.6,0.0,0.6797310500037655,1.0
500058,5,0.4598765432098765,0.40880086169786634,False,1.0,0.0,1.0,1.0
500059,5,0.6216049382716049,0.6690640300834252,False,0.6,0.0,0.8854598815714874,0.6
500060,5,0.3824074074074073,0.36055575843659743,False,0.6,0.0,0.9469024295259745,0.8
500061,5,0.3148148148148148,0.32439101737461684,False,0.8,0.0,0.9047172294870751,1.0
500062,5,0.4802469135802469,0.37287334943575556,False,1.0,0.0,1.0,1.0
500063,5,0.412037037037037,0.37614669243407434,False,0.2,0.0,0.6309297535714575,0.6
500064,5,0.5638888888888888,0.39923656254040785,False,0.8,0.0,0.9047172294870751,1.0
500065,5,0.4037037037037037,0.44671335259193257,False,0.4,0.0,0.6240505200038379,0.6
500066,5,0.5151234567901234,0.529458598428102,False,0.4,0.0,0.5706417189553201,0.4
500067,5,0.2398148148148148,0.4833690494556817,False,1.0,0.0,1.0,1.0
500068,5,0.3175925925925926,0.5679516743096089,False,0.4,0.0,0.9197207891481876,0.6
500069,5,0.5558641975308642,0.49756764316084734,False,0.8,0.0,0.7606395682357036,0.8
500070,5,0.6811728395061728,0.4452884458954704,False,0.2,0.0,1.0,0.2
500071,5,0.2169753086419753,0.43954321547024866,False,0.0,0.0,0.0,1.0
500072,5,0.5530864197530864,0.5867008138404854,False,0.8,0.0,1.0,0.8
500073,5,0.3601851851851851,0.5286622606579572,False,0.8,0.0,1.0,0.8
500074,5,0.645679012345679,0.6717124353258592,False,0.8,0.0,0.9047172294870751,0.8
500075,5,0.5635802469135802,0.5844092491195229,False,0.6,0.0,0.9060254355346823,0.6
500076,5,0.5188271604938272,0.7317558707103591,False,0.2,0.0,0.38685280723454163,0.4
500077,5,0.5580246913580247,0.6227379667227261,False,0.2,0.0,1.0,0.2
500078,5,0.1854938271604938,0.21570934401688113,False,0.6,0.0,1.0,1.0
500079,5,0.1935185185185185,0.3161497673179987,False,0.4,0.0,0.9197207891481876,1.0
500080,5,0.4435185185185185,0.37839434165870034,False,0.8,0.0,0.7606395682357036,1.0
500081,5,0.3290123456790123,0.47042024060365595,False,0.8,0.0,0.9828920819566879,0.8
500082,5,0.4302469135802469,0.6144041512149868,False,0.6,0.0,0.6182885020492784,0.6
500083,5,0.3854938271604938,0.5216212938863483,False,0.6,0.0,0.9469024295259745,0.8
500084,5,0.719753086419753,0.6380274046691323,False,0.8,0.0,0.9828920819566879,0.8
500085,5,0.587037037037037,0.5223347550866138,False,1.0,0.0,1.0,1.0
500086,5,0.4450617283950617,0.49049498449929413,False,1.0,0.0,1.0,1.0
500087,5,0.6768518518518519,0.5275499802716008,False,0.2,0.0,0.6309297535714575,0.2
500088,5,0.5984567901234569,0.5443934688796914,False,1.0,0.0,1.0,1.0
500089,5,0.5373456790123458,0.5270372070703954,False,0.8,0.0,0.9828920819566879,0.8
500090,5,0.8975308641975309,0.6889719361203726,False,0.2,1.0,0.43067655807339306,0.6
500091,5,0.8478395061728395,0.7916326851813953,False,0.6,1.0,0.7122630665145961,0.6
500092,5,0.6858024691358025,0.5806503897901778,False,0.8,0.0,1.0,0.8
500093,5,0.7404320987654321,0.46961371155691906,False,1.0,0.0,1.0,1.0
500094,5,0.9209876543209876,0.690614464578267,False,0.2,1.0,0.38685280723454163,0.6
500095,5,0.7632716049382716,0.5171263998706263,False,1.0,0.0,1.0,1.0
500096,5,0.2916666666666667,0.3736726048461078,False,0.4,0.0,1.0,0.8
500097,5,0.362962962962963,0.4901219016277415,False,0.6,0.0,0.9674679834891693,0.8
500098,5,0.5608024691358025,0.3608978457162911,False,0.8,0.0,0.9828920819566879,1.0
500099,5,0.407716049382716,0.5430270687352491,False,0.8,0.0,1.0,1.0
500100,5,0.0848765432098765,0.28578275288758415,False,0.6,0.0,0.9674679834891693,1.0
500101,5,0.337037037037037,0.46358002420388794,False,0.6,0.0,0.8854598815714874,0.8
500102,5,0.475,0.5682176479294805,False,0.8,0.0,0.9558295932317544,0.8
500103,5,0.191358024691358,0.5411300733769294,False,0.0,0.0,0.0,0.6
500104,5,0.4858024691358024,0.41225530697690566,False,0.8,0.0,0.7606395682357036,1.0
500105,5,0.5509259259259259,0.3942189076610656,False,1.0,0.0,1.0,1.0
500106,5,0.579320987654321,0.5457403940939141,False,0.6,0.0,0.7328286204777911,0.6
500107,5,0.4981481481481482,0.48454908114816814,False,0.6,0.0,0.6182885020492784,0.8
500108,5,0.3802469135802469,0.5014476984002042,False,0.6,0.0,0.9674679834891693,0.6
500109,5,0.5509259259259259,0.5850116957772316,False,0.8,0.0,0.7606395682357036,0.8
500110,5,0.441358024691358,0.5426408627679659,False,0.6,0.0,0.7328286204777911,0.6
500111,5,0.4972222222222222,0.7237104116419035,False,0.2,0.0,0.38685280723454163,0.4
500112,5,0.650925925925926,0.6969519249996186,False,0.8,0.0,0.9047172294870751,0.8
500113,5,0.5830246913580247,0.6672177478136714,False,0.4,0.0,0.8772153153380493,0.4
500114,5,0.616358024691358,0.5029575599662051,False,0.2,0.0,0.6309297535714575,0.2
500115,5,0.5558641975308642,0.4698510596676335,False,0.8,0.0,0.9047172294870751,0.8
500116,5,0.575925925925926,0.5485501885474369,False,1.0,0.0,1.0,1.0
500117,5,0.3052469135802469,0.300530239931964,False,0.6,0.0,0.9469024295259745,1.0
500118,5,0.6901234567901234,0.3565341982801592,False,0.0,0.0,0.0,0.0
500119,5,0.6796296296296296,0.5777093627185991,False,1.0,0.0,1.0,1.0
500120,5,0.3006172839506173,0.5266793867604778,False,1.0,0.0,1.0,1.0
500121,5,0.2546296296296296,0.3658149793757837,False,1.0,0.0,1.0,1.0
500122,5,0.2944444444444444,0.4443236959539407,False,1.0,0.0,1.0,1.0
500123,5,0.2691358024691357,0.46946637592666435,False,1.0,0.0,1.0,1.0
500124,5,0.3327160493827161,0.5131691602702717,False,1.0,0.0,1.0,1.0
500125,5,0.3225308641975309,0.5913831680906587,False,0.8,0.0,1.0,0.8
500126,5,0.7907407407407407,0.5460443714285758,False,0.0,0.0,0.0,0.8
500127,5,0.5916666666666667,0.5966386861070452,False,0.4,0.0,0.6509209298071326,0.4
500128,5,0.7175925925925926,0.6896035553667081,False,0.4,0.0,0.6509209298071326,0.4
500129,5,0.8969135802469136,0.7112586123711048,False,0.4,1.0,0.5706417189553201,0.8
500130,5,0.5108024691358025,0.4193941557237965,False,1.0,0.0,1.0,1.0
500131,5,0.5555555555555556,0.5363624638743034,False,0.4,0.0,0.6240505200038379,0.4
500132,5,0.4768518518518518,0.6050373741619505,False,0.8,0.0,1.0,0.8
500133,5,0.5611111111111111,0.3115606000853219,False,0.8,0.0,0.7606395682357036,1.0
500134,5,0.4833333333333333,0.2066238305706622,False,0.4,0.0,0.9197207891481876,1.0
500135,5,0.6521604938271605,0.47675983463318106,False,0.2,0.0,1.0,0.2
500136,5,0.7373456790123457,0.5692003285554909,False,0.8,0.0,0.9558295932317544,0.8
500137,5,0.4518518518518519,0.2628765079921854,False,0.6,0.0,0.8854598815714874,1.0
500138,5,0.1388888888888888,0.39773622693019517,False,0.0,0.0,0.0,0.8
500139,5,0.4126543209876543,0.5957068712677516,False,0.6,0.0,0.9469024295259745,0.6
500140,5,0.1567901234567901,0.43400540882765215,False,0.2,0.0,0.6309297535714575,0.8
500141,5,0.3302469135802469,0.5005169661052646,False,1.0,0.0,1.0,1.0
500142,5,0.1037037037037037,0.35281285099095894,False,0.2,0.0,0.38685280723454163,1.0
500143,5,0.15,0.6265664182828201,False,0.0,0.0,0.0,0.8
500144,5,0.5317901234567901,0.5449492944336349,False,0.8,0.0,0.9828920819566879,0.8
500145,5,0.6024691358024691,0.5197785272426778,False,0.2,0.0,0.43067655807339306,0.2
500146,5,0.7737654320987654,0.648350495438689,False,0.4,0.0,0.5706417189553201,0.6
500147,5,0.858641975308642,0.7084061292094432,False,0.0,0.0,0.0,0.6
500148,5,0.7419753086419753,0.6573934405639911,False,0.6,0.0,0.6182885020492784,0.6
500149,5,0.8040123456790124,0.7013778144905376,False,0.0,0.0,0.0,0.4
500150,5,0.5935185185185186,0.3080424967668144,False,0.6,0.0,0.9469024295259745,1.0
500151,5,0.520679012345679,0.5305452816534977,False,1.0,0.0,1.0,1.0
500152,5,0.3910493827160494,0.4804789181063958,False,1.0,0.0,1.0,1.0
500153,5,0.5018518518518519,0.3701442683203194,False,0.6,0.0,1.0,0.8
500154,5,0.304320987654321,0.3596779957975117,False,0.4,0.0,0.8503449055347546,0.8
500155,5,0.6126543209876544,0.398799616926674,False,0.8,0.0,0.9047172294870751,1.0
500156,5,0.5401234567901235,0.6157977496656717,False,1.0,0.0,1.0,1.0
500157,5,0.6253086419753086,0.5500065126885527,False,0.0,0.0,0.0,0.0
500158,5,0.6296296296296297,0.5152753338233123,False,0.6,0.0,0.8854598815714874,0.8
500159,5,0.6962962962962963,0.5749448601381876,False,0.8,0.0,1.0,0.8
500160,5,0.3675925925925926,0.4404147887458457,False,1.0,0.0,1.0,1.0
500161,5,0.382716049382716,0.4118663778704986,False,1.0,0.0,1.0,1.0
500162,5,0.5006172839506173,0.629280708637751,False,0.2,0.0,0.5,0.2
500163,5,0.4925925925925926,0.6217418484768723,False,0.6,0.0,0.7122630665145961,0.6
500164,5,0.6311728395061728,0.5277832447177636,False,0.0,0.0,0.0,0.0
500165,5,0.7469135802469137,0.6432396527955638,False,0.4,0.0,0.6509209298071326,0.8
500166,5,0.7154320987654321,0.7411192122505529,False,0.4,0.0,0.9197207891481876,0.4
500167,5,0.4564814814814815,0.5811453296325986,False,0.6,0.0,0.7328286204777911,0.6
500168,5,0.3018518518518518,0.5091567098587645,False,1.0,0.0,1.0,1.0
500169,5,0.1228395061728395,0.31593450695275654,False,0.4,0.0,0.6934264036172708,0.8
500170,5,0.0910493827160493,0.29752908604711464,False,0.4,0.0,0.6509209298071326,1.0
500171,5,0.1345679012345678,0.4317293112920442,False,0.0,0.0,0.0,1.0
500172,5,0.2166666666666666,0.5572777462673214,False,0.0,0.0,0.0,0.8
500173,5,0.1382716049382716,0.3364377261599067,False,0.2,0.0,0.38685280723454163,1.0
500174,5,0.4052469135802468,0.48026192114910626,False,0.6,0.0,0.8529278650606567,0.8
500175,5,0.3429012345679012,0.42967801840093345,False,0.8,0.0,0.9047172294870751,1.0
500176,5,0.5765432098765432,0.5170333781282435,False,1.0,0.0,1.0,1.0
500177,5,0.2632716049382715,0.5125355095144005,False,0.8,0.0,0.9828920819566879,1.0
500178,5,0.5179012345679012,0.49983504273047963,False,0.8,0.0,0.9047172294870751,0.8
500179,5,0.4052469135802468,0.49491831362732336,False,0.8,0.0,0.9047172294870751,0.8
500180,5,0.6003086419753086,0.7210963562713016,False,0.2,0.0,1.0,0.2
500181,5,0.8444444444444444,0.6830515026019088,False,0.6,0.0,0.9469024295259745,0.6
500182,5,0.7984567901234568,0.6719390301192752,False,0.4,0.0,0.6240505200038379,0.4
500183,5,0.6950617283950616,0.6104922147421693,False,0.4,0.0,0.5706417189553201,0.4
500184,5,0.6759259259259259,0.5298402800578387,False,0.4,0.0,0.6509209298071326,0.4
500185,5,0.8052469135802469,0.7175815993669117,False,0.8,0.0,0.9558295932317544,0.8
500186,5,0.187037037037037,0.3157263210815618,False,0.4,0.0,0.5706417189553201,1.0
500187,5,0.1348765432098765,0.5774047171035636,False,0.0,0.0,0.0,1.0
500188,5,0.0790123456790123,0.37250083375884124,False,0.4,0.0,0.8772153153380493,1.0
500189,5,0.5780864197530864,0.5168103128120699,False,0.6,0.0,0.7122630665145961,0.6
500190,5,0.3641975308641975,0.4772418466009066,False,0.8,0.0,1.0,0.8
500191,5,0.2626543209876543,0.38263911100688575,False,1.0,0.0,1.0,1.0
500192,5,0.571604938271605,0.480118596541199,False,1.0,0.0,1.0,1.0
500193,5,0.5768518518518518,0.48892813319657025,False,1.0,0.0,1.0,1.0
500194,5,0.4314814814814814,0.3830827576470771,False,1.0,0.0,1.0,1.0
500195,5,0.4712962962962962,0.5657871262556411,False,1.0,0.0,1.0,1.0
500196,5,0.6432098765432098,0.4733701903319191,False,1.0,0.0,1.0,1.0
500197,5,0.5845679012345678,0.5248861340857743,False,1.0,0.0,1.0,1.0
500198,5,0.6030864197530864,0.8199374323010028,False,0.4,0.0,0.6509209298071326,0.4
500199,5,0.55,0.48933784437451455,False,1.0,0.0,1.0,1.0
500200,5,0.3067901234567901,0.5018591480542629,False,0.4,0.0,1.0,0.8
500201,5,0.5567901234567901,0.49224093492116044,False,0.8,0.0,0.9047172294870751,0.8
500202,5,0.4799382716049383,0.5203028140341852,False,1.0,0.0,1.0,1.0
500203,5,0.5015432098765432,0.6282946559307032,False,0.6,0.0,0.6182885020492784,0.8
500204,5,0.7975308641975308,0.37399436946586667,False,0.0,0.0,0.0,0.8
500205,5,0.5351851851851852,0.5305567685646255,False,1.0,0.0,1.0,1.0
500206,5,0.4160493827160494,0.422055565193342,False,0.8,0.0,0.9047172294870751,1.0
500207,5,0.6503086419753087,0.45701832263529935,False,0.2,0.0,0.5,0.2
500208,5,0.3089506172839506,0.37835120667986305,False,0.4,0.0,0.6509209298071326,0.8
500209,5,0.4320987654320987,0.5852458175142806,False,0.6,0.0,0.8854598815714874,0.8
500210,5,0.4459876543209876,0.29985412658859356,False,0.6,0.0,0.9060254355346823,1.0
500211,5,0.5518518518518518,0.43763130481330814,False,0.8,0.0,0.9558295932317544,0.8
500212,5,0.4987654320987655,0.5133772278369085,False,1.0,0.0,1.0,1.0
500213,5,0.5373456790123456,0.3394005254402839,False,0.6,0.0,0.7122630665145961,1.0
500214,5,0.7271604938271605,0.3181522655763451,False,0.8,0.0,1.0,1.0
500215,5,0.6123456790123457,0.6346858399494536,False,0.0,0.0,0.0,0.0
500216,5,0.712037037037037,0.6569944606483643,False,0.4,0.0,0.6934264036172708,0.4
500217,5,0.7944444444444444,0.5600279834256122,False,0.0,0.0,0.0,0.6
500218,5,0.6509259259259259,0.5685291355456673,False,1.0,0.0,1.0,1.0
500219,5,0.8018518518518518,0.6618362066799837,False,0.0,0.0,0.0,0.4
500220,5,0.5901234567901235,0.6237436936568855,False,0.8,0.0,0.9047172294870751,0.8
500221,5,0.7185185185185184,0.6131469503143365,False,0.6,0.0,0.6182885020492784,0.6
500222,5,0.0453703703703703,0.3098387015846332,False,0.2,0.0,0.5,1.0
500223,5,0.0635802469135802,0.13989400263750254,False,0.6,0.0,1.0,1.0
500224,5,0.266358024691358,0.41154348369587035,False,0.8,0.0,1.0,1.0
500225,5,0.2932098765432099,0.5018873899806356,False,0.4,0.0,0.6240505200038379,0.8
500226,5,0.5092592592592592,0.7188016313153665,False,0.6,0.0,0.8529278650606567,0.6
500227,5,0.0265432098765432,0.25464156264958127,False,0.4,0.0,1.0,1.0
500228,5,0.2725308641975308,0.492170999922221,False,1.0,0.0,1.0,1.0
500229,5,0.3540123456790123,0.6167666810774213,False,0.4,0.0,0.5437713091520254,0.6
500230,5,0.3709876543209876,0.5108721395923739,False,1.0,0.0,1.0,1.0
500231,5,0.2330246913580247,0.435186387422974,False,1.0,0.0,1.0,1.0
500232,5,0.3382716049382716,0.5474444216545094,False,0.8,0.0,1.0,1.0
500233,5,0.3083333333333333,0.5331855559872186,False,1.0,0.0,1.0,1.0
500234,5,0.5351851851851852,0.601925159984092,False,0.8,0.0,0.7606395682357036,0.8
500235,5,0.7805555555555556,0.7397383763213146,False,0.0,0.0,0.0,0.0
500236,5,0.5530864197530864,0.5975126047713725,False,0.4,0.0,0.9197207891481876,0.4
500237,5,0.7049382716049383,0.6179636394808391,False,0.6,0.0,0.9674679834891693,0.8
500238,5,0.4104938271604939,0.5602643728874751,False,0.8,0.0,0.9558295932317544,0.8
500239,5,0.4574074074074074,0.5373257840966993,False,1.0,0.0,1.0,1.0
500240,5,0.2141975308641975,0.46795900713072586,False,0.2,0.0,0.43067655807339306,1.0
500241,5,0.5484567901234568,0.40511372969496434,False,1.0,0.0,1.0,1.0
500242,5,0.6746913580246914,0.4175516375313123,False,0.0,0.0,0.0,0.0
500243,5,0.0543209876543209,0.2423873493661463,False,0.6,0.0,0.7328286204777911,1.0
500244,5,0.1274691358024691,0.3979695941927289,False,0.2,0.0,0.6309297535714575,1.0
500245,5,0.4962962962962963,0.39087188754334445,False,0.4,0.0,0.6509209298071326,0.8
500246,5,0.4003086419753086,0.37882019701167013,False,0.8,0.0,1.0,1.0
500247,5,0.6237654320987653,0.46821288434969033,False,0.2,0.0,0.43067655807339306,0.2
500248,5,0.7793209876543209,0.5429128922327259,False,0.6,0.0,0.9060254355346823,0.6
500249,5,0.4469135802469136,0.4048102245805214,False,1.0,0.0,1.0,1.0
500250,5,0.4969135802469136,0.3867014843246936,False,0.6,0.0,0.7122630665145961,1.0
500251,5,0.2114197530864197,0.41872385459458544,False,0.2,0.0,0.6309297535714575,1.0
500252,5,0.7191358024691358,0.7618845845104821,False,0.6,0.0,0.7328286204777911,0.6
500253,5,0.5030864197530864,0.5464381803270443,False,0.4,0.0,0.5706417189553201,0.4
500254,5,0.7691358024691358,0.6546133574552779,False,0.2,0.0,1.0,0.2
500255,5,0.6660493827160494,0.6319426660846186,False,0.4,0.0,0.6509209298071326,0.4
500256,5,0.5212962962962963,0.6875289096976152,False,0.2,0.0,0.43067655807339306,0.2
500257,5,0.4219135802469135,0.5872147630862311,False,0.6,0.0,0.8529278650606567,0.6
500258,5,0.466358024691358,0.5617866965778731,False,0.8,0.0,0.7606395682357036,0.8
500259,5,0.5429012345679013,0.5151904384344633,False,0.8,0.0,0.7606395682357036,0.8
500260,5,0.3999999999999999,0.43731612047559887,False,1.0,0.0,1.0,1.0
500261,5,0.5783950617283952,0.6546905010601067,False,0.2,0.0,0.38685280723454163,0.2
500262,5,0.5203703703703704,0.44460804677199006,False,0.8,0.0,0.9558295932317544,1.0
500263,5,0.2089506172839506,0.39961538904681965,False,0.2,0.0,0.38685280723454163,1.0
500264,5,0.5287037037037038,0.43909723605805445,False,1.0,0.0,1.0,1.0
500265,5,0.7058641975308642,0.4660308231604283,False,0.8,0.0,1.0,1.0
500266,5,0.6018518518518519,0.5011122728205877,False,1.0,0.0,1.0,1.0
500267,5,0.6234567901234568,0.4259026471540446,False,1.0,0.0,1.0,1.0
500268,5,0.7611111111111111,0.5448594731745259,False,0.8,0.0,0.9558295932317544,0.8
500269,5,0.8151234567901234,0.6005002794772617,False,0.0,0.0,0.0,0.6
500270,5,0.5993827160493828,0.6065661845692488,False,0.0,0.0,0.0,0.0
500271,5,0.755246913580247,0.601727145762017,False,0.6,0.0,0.6182885020492784,0.8
500272,5,0.8077160493827161,0.5796972607715404,False,0.4,0.0,0.5437713091520254,0.4
500273,5,0.6959876543209877,0.569139869511202,False,0.8,0.0,0.9047172294870751,0.8
500274,5,0.6027777777777777,0.5251943863330626,False,0.0,0.0,0.0,0.0
500275,5,0.7175925925925926,0.49481930472855995,False,0.8,0.0,0.9558295932317544,0.8
500276,5,0.3348765432098765,0.3917075013276733,False,0.4,0.0,0.8772153153380493,0.8
500277,5,0.5450617283950617,0.16701349075742516,False,0.4,0.0,1.0,1.0
500278,5,0.4141975308641974,0.425659226659005,False,0.6,0.0,1.0,0.8
500279,5,0.5740740740740741,0.3971507510229352,False,0.4,0.0,0.5437713091520254,0.8
500280,5,0.3203703703703703,0.6195659992274408,False,0.2,0.0,0.38685280723454163,0.4
500281,5,0.5959876543209877,0.3156613773896139,False,0.0,0.0,0.0,0.0
500282,5,0.2259259259259259,0.5818998329037015,False,0.4,0.0,0.9197207891481876,0.4
500283,5,0.191358024691358,0.40636523473991637,False,0.4,0.0,1.0,0.8
500284,5,0.074074074074074,0.3324569875841028,False,0.2,0.0,0.5,1.0
500285,5,0.207716049382716,0.3505586527741472,False,0.2,0.0,0.5,1.0
500286,5,0.1478395061728395,0.5447297108886209,False,0.0,0.0,0.0,1.0
500287,5,0.1722222222222222,0.26310718963488916,False,0.4,0.0,0.5437713091520254,1.0
500288,5,0.5367283950617284,0.7573640703332541,False,0.4,0.0,0.8772153153380493,0.6
500289,5,0.5040123456790124,0.5750682572117459,False,0.6,0.0,1.0,0.6
500290,5,0.7166666666666667,0.6849151002115572,False,0.6,0.0,0.8529278650606567,0.6
500291,5,0.717283950617284,0.6650024350323198,False,0.4,0.0,1.0,0.6
500292,5,0.5919753086419753,0.6608583717918114,False,0.2,0.0,0.6309297535714575,0.2
500293,5,0.653395061728395,0.6930500787916871,False,0.4,0.0,0.8772153153380493,0.4
500294,5,0.4049382716049383,0.549331421575989,False,1.0,0.0,1.0,1.0
500295,5,0.5015432098765432,0.44186900111725175,False,0.6,0.0,1.0,0.8
500296,5,0.3719135802469135,0.39875784045338863,False,0.6,0.0,0.8529278650606567,1.0
500297,5,0.2759259259259259,0.4649160892115559,False,0.8,0.0,0.7606395682357036,0.8
500298,5,0.5737654320987654,0.3846783635029698,False,0.8,0.0,1.0,1.0
500299,5,0.2493827160493827,0.1977188417044716,False,0.4,0.0,0.8503449055347546,1.0
500300,5,0.5021604938271605,0.50082713361598,False,1.0,0.0,1.0,1.0
500301,5,0.5132716049382716,0.4714223212795195,False,1.0,0.0,1.0,1.0
500302,5,0.4654320987654321,0.5141992454779837,False,0.8,0.0,0.9828920819566879,0.8
500303,5,0.2703703703703703,0.5041820012955691,False,0.8,0.0,1.0,1.0
500304,5,0.6811728395061728,0.5213236929947933,False,0.6,0.0,1.0,0.6
500305,5,0.3265432098765432,0.41190634073242405,False,1.0,0.0,1.0,1.0
500306,5,0.5367283950617284,0.5585875514763144,False,0.4,0.0,0.8503449055347546,0.4
500307,5,0.6333333333333334,0.5028473005081123,False,1.0,0.0,1.0,1.0
500308,5,0.5660493827160494,0.5663074198080804,False,1.0,0.0,1.0,1.0
500309,5,0.5697530864197531,0.6190459956701013,False,0.6,0.0,0.8529278650606567,0.8
500310,5,0.5478395061728395,0.5902281847429591,False,0.6,0.0,0.9060254355346823,0.8
500311,5,0.4657407407407408,0.5577948365799854,False,0.8,0.0,1.0,1.0
500312,5,0.645679012345679,0.3971592815129112,False,0.0,0.0,0.0,0.0
500313,5,0.0410493827160493,0.3084286403840868,False,0.4,0.0,1.0,1.0
500314,5,0.5836419753086419,0.5454697629364412,False,0.2,0.0,1.0,0.2
500315,5,0.4305555555555556,0.49667500036417955,False,0.4,0.0,0.6240505200038379,0.6
500316,5,0.2422839506172839,0.30420315419483607,False,0.6,0.0,0.8529278650606567,1.0
500317,5,0.4175925925925925,0.3628266797251151,False,0.6,0.0,0.6797310500037655,0.8
500318,5,0.6046296296296297,0.538723181090511,False,0.8,0.0,1.0,0.8
500319,5,0.5231481481481481,0.5278400305388788,False,1.0,0.0,1.0,1.0
500320,5,0.6330246913580247,0.49311184779021106,False,0.4,0.0,0.8503449055347546,0.4
500321,5,0.4614197530864197,0.5256516246519256,False,1.0,0.0,1.0,1.0
500322,5,0.5024691358024692,0.5905498007943422,False,0.8,0.0,0.9828920819566879,0.8
500323,5,0.5947530864197531,0.5409383560975861,False,0.0,0.0,0.0,0.0
500324,5,0.542283950617284,0.599234652269192,False,0.4,0.0,0.6509209298071326,0.6
500325,5,0.5459876543209877,0.5549272692763634,False,0.6,0.0,0.9469024295259745,0.6
500326,5,0.6688271604938271,0.7601147811848337,False,0.6,0.0,0.7328286204777911,0.6
500327,5,0.4299382716049383,0.5157085976771099,False,0.6,0.0,0.6182885020492784,0.6
500328,5,0.4679012345679012,0.5933002548506743,False,0.4,0.0,0.8772153153380493,0.4
500329,5,0.5444444444444444,0.6510410425012002,False,0.4,0.0,0.5012658353418871,0.4
500330,5,0.4145061728395061,0.5363353680226532,False,0.8,0.0,0.7606395682357036,0.8
500331,5,0.1429012345679012,0.31437920459054597,False,0.4,0.0,0.6934264036172708,1.0
500332,5,0.1679012345679012,0.3852112661353404,False,0.4,0.0,0.9197207891481876,0.8
500333,5,0.2410493827160494,0.5415263925736316,False,0.8,0.0,0.9828920819566879,0.8
500334,5,0.1040123456790123,0.3659952706829644,False,0.2,0.0,0.5,1.0
500335,5,0.4283950617283951,0.38693076194826526,False,0.8,0.0,0.7606395682357036,0.8
500336,5,0.3802469135802469,0.33933859084510765,False,1.0,0.0,1.0,1.0
500337,5,0.763888888888889,0.7757277672637546,False,0.2,0.0,0.5,0.6
500338,5,0.7157407407407407,0.4918995080399333,False,1.0,0.0,1.0,1.0
500339,5,0.5537037037037037,0.4845963936890312,False,0.8,0.0,0.9558295932317544,1.0
500340,5,0.5287037037037038,0.38252309465047574,False,1.0,0.0,1.0,1.0
500341,5,0.820679012345679,0.5313189691050632,False,0.0,0.0,0.0,0.8
500342,5,0.3475308641975308,0.5147686576243133,False,1.0,0.0,1.0,1.0
500343,5,0.4882716049382716,0.6124785285617529,False,0.4,0.0,0.5706417189553201,0.4
500344,5,0.4740740740740741,0.8309153719440937,False,0.2,0.0,0.38685280723454163,0.8
500345,5,0.4317901234567902,0.7174153544212788,False,0.4,0.0,0.9197207891481876,1.0
500346,5,0.3515432098765432,0.5245501468736335,False,0.6,0.0,0.8854598815714874,0.6
500347,5,0.3388888888888888,0.5480898779715471,False,0.6,0.0,0.7328286204777911,0.6
500348,5,0.6194444444444445,0.5168329914276774,False,0.2,0.0,0.43067655807339306,0.2
500349,5,0.4929012345679012,0.40047034582736574,False,0.4,0.0,0.6509209298071326,0.8
500350,5,0.2645061728395061,0.32457202024126025,False,0.6,0.0,0.7328286204777911,1.0
500351,5,0.524074074074074,0.5089693610861429,False,0.6,0.0,0.7328286204777911,0.8
500352,5,0.4558641975308642,0.5894488026452178,False,0.2,0.0,1.0,0.2
500353,5,0.3925925925925926,0.5298045766477091,False,0.4,0.0,0.6509209298071326,0.6
500354,5,0.5271604938271605,0.5384307414018092,False,0.6,0.0,0.7328286204777911,0.6
500355,5,0.4746913580246913,0.6536710082897703,False,0.4,0.0,1.0,0.4
500356,5,0.4632716049382716,0.5729404452361309,False,0.4,0.0,0.5437713091520254,0.4
500357,5,0.345679012345679,0.33201571404038205,False,0.6,0.0,0.7328286204777911,0.8
500358,5,0.3407407407407408,0.5682119490125985,False,1.0,0.0,1.0,1.0
500359,5,0.3126543209876543,0.37467218561872184,False,0.8,0.0,0.7606395682357036,1.0
500360,5,0.5555555555555556,0.6067063309582043,False,0.6,0.0,0.8854598815714874,0.6
500361,5,0.6453703703703703,0.532319908286111,False,0.4,0.0,0.8503449055347546,0.4
500362,5,0.5404320987654321,0.5737011621229798,False,0.6,0.0,0.9674679834891693,0.8
500363,5,0.633641975308642,0.526778766462458,False,0.2,0.0,1.0,0.2
500364,5,0.5577160493827161,0.5369341962717037,False,0.6,0.0,0.9674679834891693,0.6
500365,5,0.6401234567901235,0.6485342860859955,False,0.4,0.0,0.9197207891481876,0.4
500366,5,0.7416666666666667,0.46833209102675616,False,0.4,0.0,0.8772153153380493,1.0
500367,5,0.6058641975308642,0.3198260063928842,False,1.0,0.0,1.0,1.0
500368,5,0.4145061728395061,0.2456684256168188,False,0.6,0.0,0.8529278650606567,1.0
500369,5,0.1432098765432098,0.3397528808554735,False,0.4,0.0,0.6240505200038379,1.0
500370,5,0.4558641975308642,0.31541238658909565,False,0.2,0.0,0.43067655807339306,0.8
500371,5,0.7972222222222222,0.4271901630935123,False,0.0,0.0,0.0,1.0
500372,5,0.4888888888888889,0.5035697730610591,False,1.0,0.0,1.0,1.0
500373,5,0.4037037037037037,0.40073161569180693,False,1.0,0.0,1.0,1.0
500374,5,0.4814814814814815,0.3686382283638405,False,1.0,0.0,1.0,1.0
500375,5,0.4787037037037036,0.49890459654134534,False,1.0,0.0,1.0,1.0
500376,5,0.7484567901234568,0.5558830024122391,False,0.6,0.0,0.9469024295259745,0.6
500377,5,0.4015432098765432,0.3883142045442741,False,1.0,0.0,1.0,1.0
500378,5,0.3314814814814814,0.5266354011329599,False,1.0,0.0,1.0,1.0
500379,5,0.3444444444444444,0.47315629970830586,False,1.0,0.0,1.0,1.0
500380,5,0.4722222222222222,0.7366523414116777,False,0.2,0.0,0.38685280723454163,0.4
500381,5,0.3802469135802469,0.5571404605956102,False,0.8,0.0,0.9558295932317544,0.8
500382,5,0.3407407407407407,0.6004569932400552,False,0.4,0.0,0.9197207891481876,0.8
500383,5,0.6975308641975309,0.6190903230466024,False,0.6,0.0,1.0,0.6
500384,5,0.3444444444444444,0.38916395739712767,False,0.6,0.0,0.8529278650606567,0.8
500385,5,0.6601851851851852,0.34814366748118203,False,0.0,0.0,0.0,0.0
500386,5,0.4367283950617284,0.35347385179153845,False,0.8,0.0,0.9047172294870751,1.0
500387,5,0.5567901234567901,0.260675224009059,False,0.6,0.0,0.8854598815714874,1.0
500388,5,0.6953703703703704,0.32940710331831524,False,0.6,0.0,0.9060254355346823,1.0
500389,5,0.549074074074074,0.1844182671495873,False,0.4,0.0,0.6240505200038379,1.0
500390,5,0.6469135802469136,0.49434017790062873,False,0.2,0.0,0.5,0.2
500391,5,0.7682098765432098,0.4987035883956996,False,0.4,0.0,0.8503449055347546,0.4
500392,5,0.6734567901234567,0.6627626601481367,False,0.0,0.0,0.0,0.0
500393,5,0.6645061728395062,0.4943309302408698,False,1.0,0.0,1.0,1.0
500394,5,0.4503086419753086,0.45645509179425753,False,1.0,0.0,1.0,1.0
500395,5,0.3490740740740741,0.44505314031599097,False,0.8,0.0,0.9047172294870751,1.0
500396,5,0.641358024691358,0.6384212114428586,False,0.6,0.0,0.9469024295259745,0.6
500397,5,0.561111111111111,0.5527081918507936,False,0.6,0.0,0.7328286204777911,0.6
500398,5,0.7345679012345679,0.7089346603884977,False,0.2,0.0,1.0,0.4
500399,5,0.7126543209876544,0.6762001705487306,False,0.6,0.0,0.7122630665145961,0.6
500400,5,0.7015432098765432,0.669349505887342,False,0.8,0.0,0.9558295932317544,0.8
500401,5,0.7024691358024691,0.7438457517699447,False,0.6,0.0,0.9469024295259745,0.6
500402,5,0.4885802469135802,0.44779329148791824,False,1.0,0.0,1.0,1.0
500403,5,0.4632716049382715,0.42898894115280073,False,0.8,0.0,1.0,0.8
500404,5,0.5256172839506172,0.38310186647579875,False,1.0,0.0,1.0,1.0
500405,5,0.2679012345679012,0.34283191319126444,False,0.8,0.0,0.9558295932317544,1.0
500406,5,0.5614197530864198,0.44521113347841973,False,0.6,0.0,0.9674679834891693,0.8
500407,5,0.7234567901234569,0.6448301728896845,False,0.4,0.0,0.5706417189553201,0.4
500408,5,0.5780864197530864,0.36227966510096116,False,1.0,0.0,1.0,1.0
500409,5,0.4589506172839506,0.5259664541933872,False,1.0,0.0,1.0,1.0
500410,5,0.312037037037037,0.48982216702544845,False,1.0,0.0,1.0,1.0
500411,5,0.6194444444444445,0.6429735875623523,False,0.8,0.0,0.7606395682357036,1.0
500412,5,0.629320987654321,0.45413978223637685,False,1.0,0.0,1.0,1.0
500413,5,0.3641975308641975,0.5656785229633838,False,0.8,0.0,1.0,1.0
500414,5,0.6864197530864198,0.7232693778081456,False,0.6,0.0,0.7122630665145961,0.6
500415,5,0.6246913580246913,0.5398627390283617,False,0.0,0.0,0.0,0.0
500416,5,0.7722222222222223,0.8123374192851102,False,0.2,0.0,0.5,0.2
500417,5,0.8135802469135802,0.8178303430394632,False,0.4,1.0,1.0,0.4
500418,5,0.5268518518518518,0.6379042166621736,False,0.6,0.0,0.6797310500037655,0.6
500419,5,0.5496913580246914,0.6142861634672961,False,0.2,0.0,0.38685280723454163,0.2
500420,5,0.2734567901234568,0.3957818724018155,False,0.8,0.0,0.7606395682357036,0.8
500421,5,0.3095679012345679,0.37320216744510976,False,0.6,0.0,0.6797310500037655,0.8
500422,5,0.3188271604938271,0.426391279265154,False,0.2,0.0,0.38685280723454163,0.6
500423,5,0.3728395061728395,0.3464433185928585,False,0.6,0.0,0.8854598815714874,0.8
500424,5,0.3212962962962963,0.47465848930523064,False,0.6,0.0,0.7328286204777911,0.8
500425,5,0.1808641975308641,0.25633075012339057,False,0.4,0.0,0.6240505200038379,1.0
500426,5,0.7586419753086421,0.5919036731650521,False,0.6,0.0,0.9060254355346823,0.6
500427,5,0.1422839506172839,0.42034341728951496,False,0.2,0.0,1.0,1.0
500428,5,0.4589506172839506,0.46204440294296933,False,0.8,0.0,1.0,0.8
500429,5,0.4567901234567901,0.503435638867757,False,1.0,0.0,1.0,1.0
500430,5,0.554320987654321,0.4279792586709613,False,0.6,0.0,0.8529278650606567,0.8
500431,5,0.3929012345679012,0.5201973604414979,False,1.0,0.0,1.0,1.0
500432,5,0.4462962962962963,0.55492431694243,False,1.0,0.0,1.0,1.0
500433,5,0.4780864197530864,0.5261720329107287,False,0.8,0.0,0.9828920819566879,0.8
500434,5,0.5577160493827161,0.5965781187389352,False,0.4,0.0,1.0,0.4
500435,5,0.6524691358024691,0.7399397548983788,False,0.6,0.0,0.7328286204777911,0.6
500436,5,0.6438271604938272,0.6327516967127118,False,1.0,0.0,1.0,1.0
500437,5,0.5018518518518519,0.5640617324677836,False,1.0,0.0,1.0,1.0
500438,5,0.3626543209876542,0.6123570361711418,False,0.4,0.0,0.8503449055347546,0.4
500439,5,0.6722222222222222,0.41545937163740776,False,0.2,0.0,0.6309297535714575,0.2
500440,5,0.4231481481481481,0.48613349832835057,False,0.8,0.0,1.0,1.0
500441,5,0.2567901234567901,0.30425607447918473,False,1.0,0.0,1.0,1.0
500442,5,0.053395061728395,0.24470636386124,False,0.6,0.0,0.9060254355346823,1.0
500443,5,0.0601851851851851,0.3724938982899293,False,0.0,0.0,0.0,1.0
500444,5,0.3469135802469136,0.5498531894978685,False,0.8,0.0,0.9558295932317544,1.0
500445,5,0.4966049382716049,0.510884487244502,False,1.0,0.0,1.0,1.0
500446,5,0.2805555555555555,0.44533819931748125,False,1.0,0.0,1.0,1.0
500447,5,0.5175925925925925,0.47747883039652794,False,0.8,0.0,0.9047172294870751,1.0
500448,5,0.3867283950617284,0.4084799703135172,False,1.0,0.0,1.0,1.0
500449,5,0.5638888888888889,0.5096422242255929,False,1.0,0.0,1.0,1.0
500450,5,0.8172839506172839,0.5800300337725259,False,0.0,0.0,0.0,0.8
500451,5,0.4694444444444444,0.5917729758295727,False,0.8,0.0,0.9558295932317544,0.8
500452,5,0.7182098765432099,0.6848391319909226,False,0.4,0.0,1.0,0.4
500453,5,0.6314814814814814,0.6780066842468022,False,0.0,0.0,0.0,0.0
500454,5,0.5774691358024692,0.6046164359871633,False,0.4,0.0,1.0,0.4
500455,5,0.5793209876543209,0.46736304513719623,False,0.8,0.0,1.0,1.0
500456,5,0.2743827160493827,0.488681606482877,False,0.6,0.0,0.8529278650606567,0.6
500457,5,0.2117283950617283,0.4012501850946893,False,0.0,0.0,0.0,1.0
500458,5,0.6151234567901235,0.5153188374566406,False,0.0,0.0,0.0,0.0
500459,5,0.6506172839506172,0.43415527119469277,False,0.2,0.0,0.43067655807339306,0.2
500460,5,0.2179012345679012,0.48337201636846866,False,0.2,0.0,0.5,0.6
500461,5,0.4969135802469135,0.5273788640697591,False,0.8,0.0,0.9828920819566879,0.8
500462,5,0.5015432098765432,0.2736204525873435,False,0.4,0.0,0.6509209298071326,1.0
500463,5,0.6188271604938271,0.34644388699669376,False,0.8,0.0,0.9558295932317544,1.0
500464,5,0.5691358024691359,0.5316540656836855,False,0.8,0.0,1.0,0.8
500465,5,0.4978395061728395,0.5373810860662795,False,1.0,0.0,1.0,1.0
500466,5,0.3518518518518518,0.4750024642542362,False,0.6,0.0,0.7328286204777911,1.0
500467,5,0.4481481481481482,0.3645508387589138,False,0.8,0.0,0.9828920819566879,1.0
500468,5,0.7274691358024691,0.6269468115888595,False,0.4,0.0,0.9197207891481876,0.4
500469,5,0.4179012345679012,0.577976322937252,False,0.6,0.0,0.9060254355346823,0.6
500470,5,0.7700617283950617,0.7481028623842101,False,0.0,0.0,0.0,0.2
500471,5,0.6654320987654321,0.6759332025887895,False,0.6,0.0,0.6182885020492784,0.6
500472,5,0.6567901234567901,0.6706744661628945,False,0.4,0.0,0.5706417189553201,0.4
500473,5,0.6731481481481482,0.6173761500965153,False,0.8,0.0,1.0,0.8
500474,5,0.5271604938271605,0.390722100940026,False,1.0,0.0,1.0,1.0
500475,5,0.533641975308642,0.43483322144486486,False,0.8,0.0,0.9047172294870751,1.0
500476,5,0.3422839506172839,0.47986176229681465,False,1.0,0.0,1.0,1.0
500477,5,0.4148148148148148,0.37106159545681594,False,0.8,0.0,0.9047172294870751,1.0
500478,5,0.5188271604938272,0.42383415173616623,False,0.6,0.0,0.6797310500037655,0.8
500479,5,0.5657407407407408,0.31672235151288275,False,0.6,0.0,0.8529278650606567,0.8
500480,5,0.6805555555555557,0.665642418679958,False,0.6,0.0,1.0,0.6
500481,5,0.5623456790123457,0.5884435940410452,False,0.6,0.0,0.8854598815714874,0.6
500482,5,0.587037037037037,0.448879708575197,False,1.0,0.0,1.0,1.0
500483,5,0.5287037037037038,0.4675163044389831,False,1.0,0.0,1.0,1.0
500484,5,0.5339506172839507,0.5181637966175737,False,0.8,0.0,0.9828920819566879,0.8
500485,5,0.5086419753086419,0.5825807507681865,False,1.0,0.0,1.0,1.0
500486,5,0.6339506172839506,0.5914084968583633,False,0.4,0.0,0.5437713091520254,0.4
500487,5,0.7787037037037038,0.6785084401330949,False,0.2,0.0,1.0,0.2
500488,5,0.571604938271605,0.6475498750502084,False,0.6,0.0,0.8854598815714874,0.8
500489,5,0.837037037037037,0.8141801286445414,False,0.4,0.0,1.0,0.4
500490,5,0.3203703703703703,0.5109857027954248,False,1.0,0.0,1.0,1.0
500491,5,0.7231481481481481,0.6592066037106288,False,0.6,0.0,0.9060254355346823,0.6
500492,5,0.1265432098765432,0.40459451886828207,False,0.2,0.0,1.0,1.0
500493,5,0.1910493827160494,0.3268082455763153,False,0.4,0.0,0.5012658353418871,0.8
500494,5,0.1228395061728395,0.30331889456206446,False,0.2,0.0,0.5,1.0
500495,5,0.1666666666666666,0.27925524617622877,False,0.4,0.0,0.8772153153380493,1.0
500496,5,0.2876543209876543,0.41454358782033157,False,1.0,0.0,1.0,1.0
500497,5,0.4660493827160494,0.18475822193316668,False,0.4,0.0,0.5012658353418871,1.0
500498,5,0.5669753086419753,0.4941011450147951,False,0.8,0.0,0.7606395682357036,0.8
500499,5,0.5524691358024691,0.5075374513219242,False,0.6,0.0,0.8854598815714874,0.6
500500,5,0.4725308641975308,0.6597277645616122,False,1.0,0.0,1.0,1.0
500501,5,0.6188271604938271,0.4007751042253471,False,0.2,0.0,0.38685280723454163,0.2
500502,5,0.6191358024691357,0.2586627175180149,False,0.6,0.0,0.9674679834891693,1.0
500503,5,0.4117283950617283,0.41385256411105664,False,0.8,0.0,0.9047172294870751,1.0
500504,5,0.6188271604938271,0.5270670812208413,False,0.2,0.0,1.0,0.2
500505,5,0.6932098765432099,0.6716395080128049,False,0.0,0.0,0.0,0.2
500506,5,0.5882716049382716,0.5593543484887387,False,0.4,0.0,0.6509209298071326,0.4
500507,5,0.8416666666666667,0.6624165258949699,False,0.0,0.0,0.0,0.4
500508,5,0.4280864197530865,0.5966072147336643,False,0.6,0.0,0.9674679834891693,0.6
500509,5,0.678395061728395,0.6870238562167833,False,0.6,0.0,0.8529278650606567,0.6
500510,5,0.3947530864197531,0.4987821938648185,False,0.6,0.0,0.9674679834891693,0.8
500511,5,0.4660493827160493,0.4730503602352585,False,1.0,0.0,1.0,1.0
500512,5,0.5419753086419753,0.44957906885639176,False,1.0,0.0,1.0,1.0
500513,5,0.4234567901234567,0.40746606243124334,False,0.6,0.0,0.7328286204777911,0.8
500514,5,0.5030864197530863,0.4411131872271181,False,1.0,0.0,1.0,1.0
500515,5,0.5345679012345679,0.4542996140488456,False,1.0,0.0,1.0,1.0
500516,5,0.5185185185185185,0.6201103538616062,False,1.0,0.0,1.0,1.0
500517,5,0.3410493827160494,0.48197525616901626,False,0.6,0.0,1.0,1.0
500518,5,0.6716049382716051,0.5853683040228778,False,1.0,0.0,1.0,1.0
500519,5,0.4364197530864198,0.3549165965246762,False,0.8,0.0,0.9828920819566879,1.0
500520,5,0.7561728395061729,0.6988760800119834,False,0.4,0.0,0.8772153153380493,0.4
500521,5,0.4987654320987654,0.3223920339494082,False,0.8,0.0,0.7606395682357036,1.0
500522,5,0.3228395061728396,0.6138533400380356,False,1.0,0.0,1.0,1.0
500523,5,0.5114197530864197,0.5723385006120043,False,0.8,0.0,1.0,0.8
500524,5,0.6820987654320988,0.8737988562438441,False,0.0,0.0,0.0,0.0
500525,5,0.8333333333333334,0.7359750649031638,False,0.0,0.0,0.0,0.0
500526,5,0.4756172839506172,0.5413527107377456,False,1.0,0.0,1.0,1.0
500527,5,0.7885802469135802,0.7085307237605398,False,0.2,1.0,0.38685280723454163,0.4
500528,5,0.024074074074074,0.4992630389377002,False,0.0,0.0,0.0,0.8
500529,5,0.299074074074074,0.5630628966685756,False,0.8,0.0,1.0,0.8
500530,5,0.3024691358024691,0.49606001895268753,False,0.6,0.0,0.8529278650606567,0.6
500531,5,0.3632716049382716,0.5780386424179367,False,0.6,0.0,0.6797310500037655,0.6
500532,5,0.1314814814814815,0.4491033277707422,False,0.0,0.0,0.0,0.8
500533,5,0.0459876543209876,0.3892944676592341,False,0.2,0.0,0.5,1.0
500534,5,0.1743827160493827,0.4558410395582263,False,0.0,0.0,0.0,0.8
500535,5,0.341358024691358,0.46693415760955104,False,1.0,0.0,1.0,1.0
500536,5,0.4018518518518518,0.5292068354978494,False,0.6,0.0,0.6182885020492784,0.6
500537,5,0.1669753086419753,0.3966082637100691,False,0.4,0.0,0.6934264036172708,0.8
500538,5,0.2231481481481481,0.3312661555388359,False,0.8,0.0,0.9828920819566879,1.0
500539,5,0.4774691358024691,0.4751328996150561,False,0.6,0.0,0.8854598815714874,0.6
500540,5,0.3515432098765432,0.6419335885436117,False,0.2,0.0,0.6309297535714575,0.2
500541,5,0.5033950617283951,0.5818195145778764,False,0.6,0.0,0.7122630665145961,0.6
500542,5,0.5774691358024692,0.7047124314269472,False,0.2,0.0,0.43067655807339306,0.6
500543,5,0.5790123456790123,0.7250160160166319,False,0.0,0.0,0.0,0.2
500544,5,0.5342592592592593,0.737369990313548,False,0.4,0.0,0.6240505200038379,0.4
500545,5,0.6203703703703703,0.7506224639575316,False,0.8,0.0,0.9558295932317544,0.8
500546,5,0.3629629629629629,0.35005784591116546,False,0.8,0.0,0.7606395682357036,1.0
500547,5,0.3466049382716049,0.2929972985960545,False,0.8,0.0,0.9047172294870751,1.0
500548,5,0.1682098765432098,0.2213197234293557,False,0.4,0.0,0.6934264036172708,1.0
500549,5,0.4558641975308641,0.32589847243422515,False,0.6,0.0,0.9060254355346823,1.0
500550,5,0.3839506172839506,0.48716150219330423,False,1.0,0.0,1.0,1.0
500551,5,0.4342592592592593,0.5152301625721942,False,0.8,0.0,1.0,0.8
500552,5,0.6425925925925925,0.5172109493030393,False,0.8,0.0,1.0,1.0
500553,5,0.45,0.4868553382575803,False,1.0,0.0,1.0,1.0
500554,5,0.6358024691358025,0.4787148664336691,False,1.0,0.0,1.0,1.0
500555,5,0.4641975308641975,0.4394139924413132,False,1.0,0.0,1.0,1.0
500556,5,0.686111111111111,0.37502211463038815,False,1.0,0.0,1.0,1.0
500557,5,0.4898148148148148,0.4149643933877245,False,0.8,0.0,0.9047172294870751,1.0
500558,5,0.7777777777777777,0.5881870569120705,False,0.6,0.0,0.9469024295259745,0.8
500559,5,0.696604938271605,0.6932629125607304,False,0.4,0.0,0.8772153153380493,0.4
500560,5,0.8654320987654321,0.7249150729160088,False,0.2,1.0,0.38685280723454163,0.4
500561,5,0.6024691358024691,0.495119384167386,False,0.2,0.0,0.43067655807339306,0.2
500562,5,0.766358024691358,0.8512932653412071,False,0.0,0.0,0.0,0.0
500563,5,0.7527777777777778,0.5997645102632198,False,0.4,0.0,1.0,0.4
500564,5,0.4564814814814815,0.25557055717695565,False,0.6,0.0,0.7122630665145961,1.0
500565,5,0.7441358024691359,0.48716643472911497,False,0.2,0.0,0.6309297535714575,0.2
500566,5,0.7320987654320987,0.47705135304049273,False,0.6,0.0,0.9674679834891693,0.8
500567,5,0.1808641975308641,0.4494172476580545,False,0.2,0.0,0.6309297535714575,1.0
500568,5,0.4765432098765432,0.5596638005575796,False,0.6,0.0,1.0,0.6
500569,5,0.6391975308641976,0.4587924524764834,False,0.2,0.0,0.38685280723454163,0.2
500570,5,0.654320987654321,0.5898847963145111,False,0.6,0.0,1.0,0.8
500571,5,0.2858024691358025,0.4058491954554281,False,0.8,0.0,0.9047172294870751,1.0
500572,5,0.4567901234567901,0.4982465624703421,False,0.8,0.0,1.0,0.8
500573,5,0.6570987654320987,0.48929488119049397,False,0.4,0.0,0.8503449055347546,0.4
500574,5,0.7191358024691358,0.5121429078281267,False,0.8,0.0,1.0,1.0
500575,5,0.582716049382716,0.4153582595322018,False,0.4,0.0,0.5437713091520254,0.4
500576,5,0.4725308641975309,0.5526645432204228,False,0.8,0.0,1.0,0.8
500577,5,0.5635802469135802,0.6910220035457291,False,0.6,0.0,0.9060254355346823,0.6
500578,5,0.4373456790123457,0.6080031082440408,False,0.2,0.0,0.43067655807339306,0.2
500579,5,0.5709876543209876,0.5783525606569843,False,0.8,0.0,0.9828920819566879,0.8
500580,5,0.571604938271605,0.6987228282818638,False,0.0,0.0,0.0,0.2
500581,5,0.5243827160493827,0.561122538940711,False,0.6,0.0,0.9674679834891693,0.6
500582,5,0.0746913580246913,0.1800389579267062,False,0.6,0.0,0.7328286204777911,1.0
500583,5,0.3873456790123457,0.2970688323464613,False,0.4,0.0,0.5706417189553201,0.8
500584,5,0.3256172839506173,0.4177176062708694,False,1.0,0.0,1.0,1.0
500585,5,0.457716049382716,0.5915140580263331,False,1.0,0.0,1.0,1.0
500586,5,0.324074074074074,0.4457403970143774,False,0.8,0.0,1.0,0.8
500587,5,0.312037037037037,0.4320194220756973,False,0.8,0.0,1.0,1.0
500588,5,0.4030864197530864,0.5010456396368981,False,1.0,0.0,1.0,1.0
500589,5,0.6620370370370371,0.3810606427478054,False,1.0,0.0,1.0,1.0
500590,5,0.3509259259259258,0.3964886486451367,False,1.0,0.0,1.0,1.0
500591,5,0.5475308641975309,0.45442838945431263,False,0.8,0.0,0.9828920819566879,1.0
500592,5,0.7083333333333334,0.705030103627545,False,0.2,0.0,0.5,0.2
500593,5,0.770679012345679,0.47659684085005505,False,1.0,0.0,1.0,1.0
500594,5,0.6589506172839507,0.5158866080284739,False,0.0,0.0,0.0,0.0
500595,5,0.8790123456790123,0.7931602748612149,False,0.6,1.0,0.9674679834891693,0.8
500596,5,0.7030864197530864,0.6026661795192612,False,0.6,0.0,0.8529278650606567,0.6
500597,5,0.6290123456790123,0.5839265309819902,False,0.2,0.0,0.43067655807339306,0.2
500598,5,0.7388888888888889,0.635512718159161,False,0.6,0.0,0.8529278650606567,0.6
500599,5,0.7206790123456791,0.7639403356503104,False,0.0,0.0,0.0,0.2
500600,5,0.5209876543209876,0.42438911566395804,False,0.6,0.0,0.9674679834891693,1.0
500601,5,0.5333333333333333,0.42078473478666556,False,0.6,0.0,0.7122630665145961,0.8
500602,5,0.6015432098765432,0.6177204637168114,False,0.4,0.0,0.6240505200038379,0.4
500603,5,0.3567901234567901,0.4723436268861923,False,0.4,0.0,0.6240505200038379,0.6
500604,5,0.4083333333333334,0.5009759844514399,False,0.4,0.0,0.8503449055347546,0.6
500605,5,0.2231481481481481,0.4267340333676165,False,0.8,0.0,0.9558295932317544,1.0
500606,5,0.4206790123456789,0.46890360902811723,False,1.0,0.0,1.0,1.0
500607,5,0.5342592592592593,0.45974491948532087,False,0.8,0.0,0.9047172294870751,1.0
500608,5,0.3354938271604937,0.43793207017674274,False,0.6,0.0,0.6182885020492784,0.8
500609,5,0.6453703703703704,0.44882794405027093,False,0.8,0.0,1.0,0.8
500610,5,0.6839506172839506,0.6320327296683295,False,0.6,0.0,0.9469024295259745,0.8
500611,5,0.6432098765432098,0.6435454402313927,False,0.4,0.0,0.6240505200038379,0.4
500612,5,0.3598765432098765,0.4515079000692413,False,0.8,0.0,0.9047172294870751,0.8
500613,5,0.6083333333333333,0.5315528944177095,False,0.2,0.0,1.0,0.2
500614,5,0.6716049382716051,0.6881936548828403,False,0.8,0.0,0.9047172294870751,0.8
500615,5,0.6743827160493826,0.6754257709745238,False,0.4,0.0,1.0,0.4
500616,5,0.7237654320987654,0.656928718619617,False,0.4,0.0,0.6934264036172708,0.4
500617,5,0.5904320987654321,0.6836898549695187,False,0.2,0.0,0.43067655807339306,0.2
500618,5,0.387037037037037,0.4608240571616417,False,0.8,0.0,1.0,1.0
500619,5,0.2873456790123457,0.15556141670259405,False,0.0,0.0,0.0,1.0
500620,5,0.4669753086419753,0.4241852231598136,False,1.0,0.0,1.0,1.0
500621,5,0.5243827160493827,0.598051899163101,False,0.6,0.0,0.9674679834891693,0.6
500622,5,0.3064814814814815,0.5077382948521194,False,0.8,0.0,1.0,0.8
500623,5,0.2549382716049382,0.33015424340466903,False,0.8,0.0,0.7606395682357036,1.0
500624,5,0.7354938271604938,0.6095478022053344,False,0.8,0.0,0.7606395682357036,0.8
500625,5,0.4108024691358025,0.3356188872509341,False,1.0,0.0,1.0,1.0
500626,5,0.3950617283950617,0.4563213763559621,False,1.0,0.0,1.0,1.0
500627,5,0.5037037037037037,0.5115999738050079,False,1.0,0.0,1.0,1.0
500628,5,0.4922839506172839,0.4810553192105472,False,0.8,0.0,0.7606395682357036,1.0
500629,5,0.5141975308641976,0.42167311099034954,False,0.8,0.0,0.9828920819566879,0.8
500630,5,0.8416666666666667,0.6944535294368701,False,0.4,1.0,0.8503449055347546,0.6
500631,5,0.8250000000000001,0.6046464300986741,False,0.0,0.0,0.0,0.8
500632,5,0.8327160493827162,0.7044653449643437,False,0.2,0.0,1.0,0.2
500633,5,0.889814814814815,0.763733853585342,False,0.2,1.0,0.5,0.2
500634,5,0.925925925925926,0.7748992666902494,False,0.6,1.0,0.9674679834891693,0.8
500635,5,0.780246913580247,0.48654374337658546,False,0.0,0.0,0.0,0.8
500636,5,0.3802469135802469,0.45319485294899114,False,0.6,0.0,0.8529278650606567,0.8
500637,5,0.3580246913580247,0.6032355076780118,False,0.6,0.0,0.6182885020492784,0.6
500638,5,0.0089506172839506,0.3910071967441924,False,0.0,0.0,0.0,1.0
500639,5,0.5805555555555556,0.3487702759419803,False,0.0,0.0,0.0,0.0
500640,5,0.1064814814814814,0.23739873516321783,False,0.6,0.0,0.9060254355346823,0.8
500641,5,0.2089506172839506,0.5696027944620354,False,0.0,0.0,0.0,0.8
500642,5,0.641358024691358,0.44491943302351217,False,0.4,0.0,0.5706417189553201,0.4
500643,5,0.3555555555555555,0.4415021573142466,False,0.6,0.0,0.6182885020492784,0.8
500644,5,0.5324074074074074,0.4674732269736281,False,1.0,0.0,1.0,1.0
500645,5,0.4870370370370371,0.48401983437204704,False,1.0,0.0,1.0,1.0
500646,5,0.3132716049382716,0.40562282592451887,False,1.0,0.0,1.0,1.0
500647,5,0.4848765432098765,0.41862875858243664,False,1.0,0.0,1.0,1.0
500648,5,0.4487654320987654,0.7622286007706609,False,0.2,0.0,0.38685280723454163,0.4
500649,5,0.6348765432098765,0.6117028663408176,False,0.8,0.0,0.7606395682357036,0.8
500650,5,0.4432098765432098,0.6021142217450546,False,0.6,0.0,0.9060254355346823,0.6
500651,5,0.3299382716049382,0.41238782395465723,False,0.8,0.0,1.0,0.8
500652,5,0.6617283950617284,0.678615209362128,False,0.4,0.0,0.5437713091520254,0.4
500653,5,0.4166666666666667,0.5974814520407054,False,0.8,0.0,0.9558295932317544,0.8
500654,5,0.3932098765432099,0.2511057224649953,False,0.8,0.0,0.9047172294870751,1.0
500655,5,0.7052469135802469,0.34596629812338053,False,1.0,0.0,1.0,1.0
500656,5,0.3373456790123457,0.31945094559538245,False,0.6,0.0,0.6182885020492784,1.0
500657,5,0.6666666666666666,0.4628931066881372,False,1.0,0.0,1.0,1.0
500658,5,0.7595679012345679,0.5254122747850843,False,0.8,0.0,0.9558295932317544,0.8
500659,5,0.729320987654321,0.4826435241838297,False,1.0,0.0,1.0,1.0
500660,5,0.7790123456790123,0.4742534014452833,False,1.0,0.0,1.0,1.0
500661,5,0.4861111111111111,0.5369964927930151,False,0.8,0.0,1.0,0.8
500662,5,0.3799382716049382,0.4166096874614806,False,1.0,0.0,1.0,1.0
500663,5,0.7558641975308643,0.4709127451751862,False,1.0,0.0,1.0,1.0
500664,5,0.4407407407407407,0.45771897249001126,False,1.0,0.0,1.0,1.0
500665,5,0.482716049382716,0.42425915836647005,False,1.0,0.0,1.0,1.0
500666,5,0.4490740740740741,0.6303040834912721,False,0.6,0.0,0.7328286204777911,0.6
500667,5,0.6768518518518518,0.5705615399127439,False,0.0,0.0,0.0,0.0
500668,5,0.6672839506172838,0.7781247417767859,False,0.4,0.0,0.5437713091520254,0.4
500669,5,0.4580246913580246,0.6098239290471621,False,0.6,0.0,0.6182885020492784,0.8
500670,5,0.4916666666666666,0.5420916281706984,False,1.0,0.0,1.0,1.0
500671,5,0.4765432098765432,0.5952507263065413,False,0.6,0.0,0.9060254355346823,0.8
500672,5,0.1160493827160493,0.45571125616613667,False,0.2,0.0,1.0,0.6
500673,5,0.3999999999999999,0.539109008924745,False,0.4,0.0,0.5437713091520254,0.6
500674,5,0.1135802469135802,0.3636960658273972,False,0.2,0.0,1.0,1.0
500675,5,0.345679012345679,0.3453647916522666,False,0.4,0.0,0.6509209298071326,0.8
500676,5,0.4246913580246914,0.392845194859319,False,0.4,0.0,1.0,0.8
500677,5,0.4450617283950617,0.2752795693337589,False,0.6,0.0,0.9469024295259745,1.0
500678,5,0.4212962962962963,0.5400465979360222,False,0.8,0.0,0.9828920819566879,0.8
500679,5,0.6092592592592593,0.5286220935858359,False,0.2,0.0,0.6309297535714575,0.2
500680,5,0.6987654320987655,0.513095853667166,False,0.4,0.0,0.6509209298071326,0.4
500681,5,0.6694444444444444,0.42115297789480954,False,0.8,0.0,1.0,1.0
500682,5,0.4712962962962963,0.599793593046034,False,0.8,0.0,0.9047172294870751,0.8
500683,5,0.6768518518518519,0.5833695377791521,False,0.2,0.0,0.38685280723454163,0.2
500684,5,0.5604938271604939,0.5502250054625833,False,1.0,0.0,1.0,1.0
500685,5,0.8506172839506173,0.6493540146462493,False,0.0,0.0,0.0,0.6
500686,5,0.8533950617283951,0.6614604321552486,False,0.4,0.0,0.6240505200038379,0.4
500687,5,0.7981481481481483,0.6688159978342811,False,0.6,0.0,0.9469024295259745,0.6
500688,5,0.7049382716049383,0.6023997017728158,False,0.6,0.0,1.0,0.6
500689,5,0.7527777777777778,0.641652884773103,False,0.8,0.0,0.9558295932317544,0.8
500690,5,0.3228395061728394,0.5216818141867867,False,0.8,0.0,0.9828920819566879,0.8
500691,5,0.2746913580246913,0.43351863775954147,False,0.8,0.0,0.9828920819566879,1.0
500692,5,0.4351851851851852,0.5482095726922124,False,1.0,0.0,1.0,1.0
500693,5,0.2277777777777777,0.4852807062940873,False,0.8,0.0,1.0,0.8
500694,5,0.1253086419753086,0.26614138576860535,False,0.2,0.0,0.6309297535714575,1.0
500695,5,0.1657407407407407,0.461032949659295,False,0.2,0.0,0.5,1.0
500696,5,0.4657407407407407,0.4296221054527165,False,1.0,0.0,1.0,1.0
500697,5,0.5697530864197531,0.37744997534306424,False,1.0,0.0,1.0,1.0
500698,5,0.6716049382716048,0.505105518405116,False,0.6,0.0,0.9469024295259745,0.8
500699,5,0.3530864197530864,0.3592888895964174,False,1.0,0.0,1.0,1.0
500700,5,0.6935185185185185,0.4807445867463862,False,1.0,0.0,1.0,1.0
500701,5,0.6095679012345679,0.5013782889232538,False,1.0,0.0,1.0,1.0
500702,5,0.4885802469135802,0.5798245878056335,False,1.0,0.0,1.0,1.0
500703,5,0.4074074074074074,0.53831085970972,False,0.6,0.0,0.9674679834891693,0.8
500704,5,0.5666666666666668,0.6236982036524038,False,0.6,0.0,0.8529278650606567,0.8
500705,5,0.7188271604938272,0.7268994033836975,False,0.0,0.0,0.0,0.0
500706,5,0.4839506172839506,0.6217061703928102,False,0.8,0.0,0.7606395682357036,0.8
500707,5,0.6691358024691358,0.7947740303582467,False,0.6,0.0,0.9060254355346823,0.6
500708,5,0.5839506172839506,0.4552102567862791,False,0.2,0.0,0.6309297535714575,0.2
500709,5,0.6188271604938271,0.3180353218380238,False,0.0,0.0,0.0,0.0
500710,5,0.2367283950617284,0.23897559487194675,False,0.6,0.0,0.6182885020492784,1.0
500711,5,0.5901234567901236,0.2896850480040099,False,0.0,0.0,0.0,0.0
500712,5,0.3200617283950617,0.14151784943121118,False,0.2,0.0,0.5,1.0
500713,5,0.4046296296296297,0.2278883526252181,False,0.6,0.0,0.7328286204777911,1.0
500714,5,0.3138888888888889,0.5750007932513056,False,0.6,0.0,1.0,0.8
500715,5,0.1104938271604938,0.39448422227679386,False,0.2,0.0,1.0,1.0
500716,5,0.2481481481481481,0.6177007916486255,False,0.6,0.0,0.6797310500037655,0.6
500717,5,0.295679012345679,0.5345746871083317,False,0.6,0.0,0.6182885020492784,0.6
500718,5,0.2234567901234568,0.3791446419565145,False,0.4,0.0,0.6934264036172708,0.8
500719,5,0.1669753086419753,0.47679389540713857,False,0.0,0.0,0.0,0.8
500720,5,0.7737654320987654,0.6091161706247157,False,0.6,0.0,1.0,0.6
500721,5,0.6027777777777777,0.6448766133298692,False,0.4,0.0,0.6934264036172708,0.4
500722,5,0.6314814814814814,0.6585433940826808,False,0.8,0.0,0.9047172294870751,0.8
500723,5,0.6805555555555557,0.7171669882537718,False,0.4,0.0,0.5706417189553201,0.4
500724,5,0.4978395061728395,0.5733895823025886,False,0.6,0.0,0.6182885020492784,0.6
500725,5,0.5481481481481482,0.6112496714801234,False,0.4,0.0,0.6509209298071326,0.4
500726,5,0.4981481481481482,0.4621332048154422,False,1.0,0.0,1.0,1.0
500727,5,0.3200617283950617,0.2523710417583638,False,0.6,0.0,0.9674679834891693,1.0
500728,5,0.4104938271604939,0.4029562287228646,False,0.8,0.0,0.9558295932317544,1.0
500729,5,0.325,0.36589683399320205,False,1.0,0.0,1.0,1.0
500730,5,0.1916666666666666,0.41444566836258334,False,0.0,0.0,0.0,1.0
500731,5,0.3515432098765432,0.37928084664932904,False,0.8,0.0,0.9828920819566879,1.0
500732,5,0.2953703703703704,0.5698641767711503,False,1.0,0.0,1.0,1.0
500733,5,0.7108024691358024,0.49108729644977744,False,0.8,0.0,1.0,1.0
500734,5,0.6540123456790123,0.5040787795318714,False,1.0,0.0,1.0,1.0
500735,5,0.5469135802469136,0.5243535645464235,False,1.0,0.0,1.0,1.0
500736,5,0.2969135802469135,0.41908254090802427,False,1.0,0.0,1.0,1.0
500737,5,0.7015432098765432,0.4799710161697128,False,1.0,0.0,1.0,1.0
500738,5,0.7043209876543209,0.7096204130712462,False,0.4,0.0,0.9197207891481876,0.4
500739,5,0.5719135802469136,0.4556491033091611,False,1.0,0.0,1.0,1.0
500740,5,0.4000000000000001,0.3769640866409775,False,0.6,0.0,0.6797310500037655,0.8
500741,5,0.7604938271604937,0.5294100785867635,False,0.6,0.0,0.9060254355346823,0.8
500742,5,0.7194444444444444,0.5266846679639162,False,1.0,0.0,1.0,1.0
500743,5,0.842283950617284,0.709240320061461,False,0.2,1.0,0.38685280723454163,0.6
500744,5,0.1629629629629629,0.2896744017975458,False,0.4,0.0,0.5012658353418871,1.0
500745,5,0.0901234567901234,0.25489278265266657,False,0.4,0.0,1.0,1.0
500746,5,0.5537037037037037,0.48802053937837697,False,0.4,0.0,0.9197207891481876,0.6
500747,5,0.5104938271604939,0.39720391848944187,False,0.6,0.0,0.9674679834891693,1.0
500748,5,0.1407407407407407,0.406911882035031,False,0.0,0.0,0.0,1.0
500749,5,0.332716049382716,0.40939396161336283,False,0.8,0.0,0.7606395682357036,0.8
500750,5,0.3095679012345679,0.4480480925931188,False,0.6,0.0,0.8529278650606567,1.0
500751,5,0.2700617283950617,0.49233389629509355,False,0.6,0.0,0.9060254355346823,0.8
500752,5,0.1682098765432098,0.3628961502178233,False,0.2,0.0,0.6309297535714575,1.0
500753,5,0.3277777777777778,0.6083494705161954,False,0.6,0.0,0.9469024295259745,0.8
500754,5,0.3367283950617284,0.41281783593038773,False,1.0,0.0,1.0,1.0
500755,5,0.0830246913580246,0.4463233600300911,False,0.4,0.0,0.8503449055347546,1.0
500756,5,0.5518518518518519,0.7219446454327197,False,0.2,0.0,0.6309297535714575,0.4
500757,5,0.4938271604938271,0.6977314721108372,False,0.2,0.0,0.38685280723454163,0.2
500758,5,0.4225308641975309,0.515164559932129,False,0.8,0.0,1.0,0.8
500759,5,0.5688271604938272,0.6310718837443501,False,0.6,0.0,0.7122630665145961,0.6
500760,5,0.4354938271604938,0.630247271035539,False,0.2,0.0,0.6309297535714575,0.2
500761,5,0.4771604938271605,0.7822968756554044,False,0.0,0.0,0.0,0.2
500762,5,0.1725308641975308,0.2652541212880598,False,0.4,0.0,0.6240505200038379,1.0
500763,5,0.5675925925925926,0.46507298629475674,False,1.0,0.0,1.0,1.0
500764,5,0.5354938271604938,0.4108408746672234,False,1.0,0.0,1.0,1.0
500765,5,0.1422839506172839,0.34436400703239756,False,0.2,0.0,1.0,0.8
500766,5,0.4962962962962963,0.46135665198378334,False,1.0,0.0,1.0,1.0
500767,5,0.5827160493827162,0.3754635740312887,False,0.0,0.0,0.0,0.0
500768,5,0.3416666666666667,0.5430412111040732,False,1.0,0.0,1.0,1.0
500769,5,0.3802469135802469,0.47549341695369696,False,0.8,0.0,0.9828920819566879,0.8
500770,5,0.2475308641975308,0.44411233920327187,False,1.0,0.0,1.0,1.0
500771,5,0.3712962962962963,0.4933109127372113,False,1.0,0.0,1.0,1.0
500772,5,0.3129629629629629,0.4421399015276771,False,1.0,0.0,1.0,1.0
500773,5,0.4864197530864197,0.49089579626658164,False,1.0,0.0,1.0,1.0
500774,5,0.7237654320987654,0.7107840516904704,False,0.2,0.0,1.0,0.2
500775,5,0.6197530864197531,0.8104755925553453,False,0.4,0.0,0.6934264036172708,0.4
500776,5,0.867283950617284,0.6755673056864728,False,0.0,0.0,0.0,0.2
500777,5,0.4938271604938271,0.6124944081501045,False,0.8,0.0,0.9047172294870751,0.8
500778,5,0.4629629629629629,0.4074882469459569,False,0.6,0.0,0.9674679834891693,0.8
500779,5,0.5055555555555555,0.425528692497926,False,1.0,0.0,1.0,1.0
500780,5,0.402469135802469,0.3016062210682285,False,0.4,0.0,1.0,0.8
500781,5,0.4632716049382716,0.28671361146221597,False,0.6,0.0,0.8529278650606567,1.0
500782,5,0.6320987654320988,0.44936730144392334,False,0.0,0.0,0.0,0.0
500783,5,0.4175925925925925,0.6258768097847016,False,0.6,0.0,0.6182885020492784,0.6
500784,5,0.2601851851851852,0.45050311172888347,False,0.6,0.0,0.6182885020492784,0.6
500785,5,0.5796296296296296,0.5736468448836053,False,0.4,0.0,0.8772153153380493,0.4
500786,5,0.3734567901234567,0.3972584848418329,False,0.8,0.0,0.9047172294870751,1.0
500787,5,0.537962962962963,0.44690246392302035,False,0.6,0.0,0.9674679834891693,0.8
500788,5,0.5753086419753086,0.5381223218609861,False,0.8,0.0,0.9047172294870751,0.8
500789,5,0.3145061728395062,0.2908327435190757,False,0.6,0.0,0.6797310500037655,1.0
500790,5,0.45,0.4800045787323736,False,1.0,0.0,1.0,1.0
500791,5,0.3219135802469136,0.41854631909314616,False,0.8,0.0,0.9047172294870751,1.0
500792,5,0.7287037037037036,0.6097332880617592,False,0.6,0.0,0.6182885020492784,0.6
500793,5,0.6509259259259259,0.5621555980520209,False,0.4,0.0,0.6240505200038379,0.4
500794,5,0.8003086419753087,0.6948602462091498,False,0.2,1.0,0.5,0.6
500795,5,0.7055555555555556,0.6195287555009882,False,0.4,0.0,0.6934264036172708,0.6
500796,5,0.7527777777777778,0.7690552820826062,False,0.2,0.0,0.38685280723454163,0.2
500797,5,0.7169753086419753,0.6619268844570241,False,0.6,0.0,0.7328286204777911,0.6
500798,5,0.3444444444444444,0.3795928844792359,False,0.8,0.0,1.0,0.8
500799,5,0.2950617283950617,0.2853387194103251,False,0.6,0.0,0.6797310500037655,1.0
500800,5,0.3277777777777778,0.22531468663611667,False,0.4,0.0,0.5706417189553201,1.0
500801,5,0.2317901234567901,0.335790049080968,False,0.6,0.0,0.6797310500037655,0.8
500802,5,0.316358024691358,0.433539745683929,False,1.0,0.0,1.0,1.0
500803,5,0.4537037037037036,0.38022270114480256,False,1.0,0.0,1.0,1.0
500804,5,0.7086419753086419,0.581033108503237,False,0.6,0.0,0.7328286204777911,0.8
500805,5,0.4962962962962963,0.5399881091551302,False,0.8,0.0,0.9828920819566879,0.8
500806,5,0.7830246913580248,0.5442157874899043,False,0.0,0.0,0.0,0.8
500807,5,0.653395061728395,0.4277555017309366,False,0.8,0.0,0.9558295932317544,1.0
500808,5,0.3808641975308642,0.3997953271056607,False,1.0,0.0,1.0,1.0
500809,5,0.6885802469135802,0.5533042550429096,False,0.6,0.0,1.0,0.6
500810,5,0.7206790123456791,0.47383271565353174,False,1.0,0.0,1.0,1.0
500811,5,0.7364197530864197,0.44367213329633715,False,1.0,0.0,1.0,1.0
500812,5,0.8712962962962963,0.7544664913789515,False,0.2,1.0,0.38685280723454163,0.2
500813,5,0.782716049382716,0.49205360446651847,False,0.2,0.0,1.0,0.2
500814,5,0.7413580246913579,0.6307985415910299,False,0.6,0.0,0.7122630665145961,0.8
500815,5,0.8225308641975309,0.8527945717019809,False,0.8,1.0,0.7606395682357036,0.8
500816,5,0.5478395061728395,0.39462905713161567,False,1.0,0.0,1.0,1.0
500817,5,0.5231481481481481,0.47623570090850464,False,0.2,0.0,0.5,0.8
500818,5,0.4938271604938271,0.25119097886008007,False,0.4,0.0,0.6509209298071326,1.0
500819,5,0.1830246913580246,0.36222579817777345,False,0.2,0.0,0.5,1.0
500820,5,0.1354938271604938,0.4096539106224639,False,0.2,0.0,1.0,1.0
500821,5,0.5132716049382716,0.5194012398389721,False,0.8,0.0,0.7606395682357036,0.8
500822,5,0.6148148148148148,0.41700643381490465,False,0.0,0.0,0.0,0.0
500823,5,0.3737654320987655,0.3558096782965693,False,0.8,0.0,0.7606395682357036,1.0
500824,5,0.6172839506172839,0.6215271542030187,False,0.0,0.0,0.0,0.0
500825,5,0.7743827160493827,0.4958403342740638,False,1.0,0.0,1.0,1.0
500826,5,0.5817901234567903,0.3742558055066345,False,0.8,0.0,1.0,1.0
500827,5,0.719753086419753,0.2712855441575422,False,0.6,0.0,0.8854598815714874,1.0
500828,5,0.8771604938271604,0.641968449656866,False,0.0,0.0,0.0,0.6
500829,5,0.7472222222222222,0.6372976495904368,False,0.6,0.0,1.0,0.6
500830,5,0.7484567901234568,0.5946052392485278,False,0.6,0.0,0.9674679834891693,0.6
500831,5,0.704320987654321,0.5332168252577587,False,0.2,0.0,0.5,0.2
500832,5,0.8070987654320988,0.6829061013835831,False,0.6,0.0,0.6797310500037655,0.6
500833,5,0.820679012345679,0.7124184692265394,False,0.6,0.0,0.7328286204777911,0.6
500834,5,0.7737654320987654,0.474065740307764,False,1.0,0.0,1.0,1.0
500835,5,0.4802469135802469,0.3907889916483081,False,1.0,0.0,1.0,1.0
500836,5,0.2404320987654321,0.4093125177232585,False,0.8,0.0,0.9558295932317544,0.8
500837,5,0.2067901234567901,0.290338309224706,False,0.4,0.0,0.8772153153380493,1.0
500838,5,0.5074074074074074,0.32636129905605077,False,0.8,0.0,1.0,1.0
500839,5,0.4074074074074074,0.395722528121782,False,0.8,0.0,0.9828920819566879,1.0
500840,5,0.6453703703703705,0.43646226947465805,False,1.0,0.0,1.0,1.0
500841,5,0.6496913580246915,0.5150524452170575,False,0.8,0.0,1.0,1.0
500842,5,0.5404320987654321,0.5395081780221654,False,1.0,0.0,1.0,1.0
500843,5,0.7459876543209877,0.6795064903943842,False,0.4,0.0,0.8503449055347546,0.6
500844,5,0.5929012345679013,0.5518432368462342,False,1.0,0.0,1.0,1.0
500845,5,0.6725308641975308,0.5924234675156342,False,1.0,0.0,1.0,1.0
500846,5,0.7925925925925926,0.5345417779520132,False,0.0,0.0,0.0,1.0
500847,5,0.783641975308642,0.6353015635488442,False,0.2,1.0,0.43067655807339306,0.8
500848,5,0.5481481481481482,0.46358794568454176,False,1.0,0.0,1.0,1.0
500849,5,0.9351851851851852,0.7696005593914128,False,0.4,1.0,0.8772153153380493,0.4
500850,5,0.8919753086419754,0.8488104683375214,False,0.8,1.0,0.9047172294870751,0.8
500851,5,0.7475308641975308,0.5690781804256773,False,0.8,0.0,0.9047172294870751,1.0
500852,5,0.1611111111111111,0.30505827897257404,False,0.6,0.0,1.0,1.0
500853,5,0.2845679012345679,0.21364480152876247,False,0.4,0.0,0.6509209298071326,1.0
500854,5,0.5040123456790123,0.4851820951120918,False,1.0,0.0,1.0,1.0
500855,5,0.7077160493827162,0.2578387023217086,False,0.0,0.0,0.0,0.0
500856,5,0.1864197530864197,0.32276636202772935,False,0.2,0.0,0.38685280723454163,1.0
500857,5,0.3256172839506173,0.3350278884226813,False,0.8,0.0,0.9558295932317544,1.0
500858,5,0.3037037037037037,0.31895578215090076,False,1.0,0.0,1.0,1.0
500859,5,0.7564814814814814,0.5042114502383275,False,0.8,0.0,0.9047172294870751,0.8
500860,5,0.6228395061728396,0.4218210852244055,False,1.0,0.0,1.0,1.0
500861,5,0.6265432098765432,0.36483090966665943,False,0.0,0.0,0.0,0.0
500862,5,0.6574074074074074,0.5189987331582486,False,0.0,0.0,0.0,0.0
500863,5,0.7311728395061728,0.5197643335202474,False,0.8,0.0,0.9828920819566879,1.0
500864,5,0.7311728395061728,0.6396632787278032,False,0.4,0.0,0.5437713091520254,0.6
500865,5,0.6432098765432098,0.564824668129218,False,0.4,0.0,0.9197207891481876,0.4
500866,5,0.6166666666666667,0.5320943702799581,False,0.4,0.0,0.5012658353418871,0.4
500867,5,0.7049382716049383,0.5883859360969128,False,0.6,0.0,0.9469024295259745,0.6
500868,5,0.7046296296296296,0.695646170923542,False,0.2,0.0,0.43067655807339306,0.4
500869,5,0.7117283950617285,0.4592380724910943,False,0.8,0.0,0.9047172294870751,0.8
500870,5,0.3064814814814814,0.4372378108276555,False,1.0,0.0,1.0,1.0
500871,5,0.3469135802469136,0.47821348162562366,False,0.8,0.0,1.0,0.8
500872,5,0.2200617283950617,0.49718941735142935,False,1.0,0.0,1.0,1.0
500873,5,0.4867283950617284,0.5738249395998438,False,0.8,0.0,1.0,0.8
500874,5,0.291358024691358,0.4612216719466803,False,0.6,0.0,0.9469024295259745,0.8
500875,5,0.5475308641975308,0.43338899237472656,False,0.8,0.0,0.9558295932317544,1.0
500876,5,0.5864197530864198,0.7486605135365566,False,0.6,0.0,0.8854598815714874,1.0
500877,5,0.5845679012345678,0.5202728888418912,False,1.0,0.0,1.0,1.0
500878,5,0.462037037037037,0.42854130512673183,False,1.0,0.0,1.0,1.0
500879,5,0.4888888888888889,0.5004846885762573,False,1.0,0.0,1.0,1.0
500880,5,0.4966049382716049,0.4809118362352549,False,0.8,0.0,0.7606395682357036,0.8
500881,5,0.3398148148148148,0.48941074015154806,False,1.0,0.0,1.0,1.0
500882,5,0.5938271604938271,0.384095218055337,False,0.8,0.0,0.9558295932317544,1.0
500883,5,0.8904320987654321,0.6807041254397384,False,0.0,0.0,0.0,0.4
500884,5,0.8944444444444445,0.7518349686712441,False,0.4,1.0,0.6934264036172708,1.0
500885,5,0.7512345679012346,0.6242871147142789,False,0.8,0.0,0.7606395682357036,1.0
500886,5,0.6092592592592593,0.5432884045102846,False,0.0,0.0,0.0,0.0
500887,5,0.6555555555555556,0.6237810501785983,False,0.0,0.0,0.0,0.0
500888,5,0.5820987654320988,0.37378975545565124,False,0.4,0.0,0.6509209298071326,0.4
500889,5,0.1037037037037037,0.43913213558673325,False,0.0,0.0,0.0,1.0
500890,5,0.2265432098765432,0.3658792824423924,False,0.8,0.0,0.7606395682357036,1.0
500891,5,0.3808641975308642,0.3603771011848472,False,1.0,0.0,1.0,1.0
500892,5,0.726851851851852,0.39667275369138955,False,0.0,0.0,0.0,0.0
500893,5,0.4574074074074074,0.4402493932730517,False,0.8,0.0,1.0,1.0
500894,5,0.6731481481481482,0.6034637301135405,False,1.0,0.0,1.0,1.0
500895,5,0.54320987654321,0.3965529938630189,False,0.2,0.0,0.6309297535714575,0.6
500896,5,0.6749999999999999,0.5500877417070918,False,1.0,0.0,1.0,1.0
500897,5,0.6731481481481482,0.5153612867890371,False,0.8,0.0,0.9828920819566879,0.8
500898,5,0.7842592592592593,0.25546674425646454,False,0.0,0.0,0.0,1.0
500899,5,0.6314814814814814,0.40237539571274217,False,0.8,0.0,0.9558295932317544,1.0
500900,5,0.6327160493827161,0.7268563617027476,False,0.6,0.0,0.6182885020492784,0.6
500901,5,0.5854938271604938,0.6650286491100683,False,0.6,0.0,0.9060254355346823,0.6
500902,5,0.5472222222222222,0.7101996693022263,False,0.2,0.0,0.5,0.2
500903,5,0.6552469135802469,0.6548948294059074,False,0.8,0.0,0.9047172294870751,0.8
500904,5,0.5645061728395062,0.5525110851694509,False,0.6,0.0,0.9469024295259745,0.6
500905,5,0.5996913580246913,0.6048775354566189,False,0.2,0.0,0.5,0.2
500906,5,0.1836419753086419,0.4927733815847257,False,0.0,0.0,0.0,1.0
500907,5,0.562962962962963,0.40661958188070896,False,0.8,0.0,0.9828920819566879,0.8
500908,5,0.554320987654321,0.6304330371986443,False,1.0,0.0,1.0,1.0
500909,5,0.1802469135802469,0.6165196624303605,False,0.0,0.0,0.0,1.0
500910,5,0.5234567901234567,0.47030106131799554,False,0.8,0.0,1.0,0.8
500911,5,0.6845679012345679,0.496286097674955,False,0.0,0.0,0.0,0.0
500912,5,0.3175925925925926,0.38834909280061886,False,0.8,0.0,1.0,1.0
500913,5,0.3506172839506172,0.45839575190180093,False,1.0,0.0,1.0,1.0
500914,5,0.437037037037037,0.4362217567400748,False,1.0,0.0,1.0,1.0
500915,5,0.3700617283950617,0.4272289606024326,False,1.0,0.0,1.0,1.0
500916,5,0.7219135802469135,0.6934334835718546,False,0.4,0.0,0.8772153153380493,0.6
500917,5,0.6672839506172838,0.6595574115680909,False,0.4,0.0,0.8503449055347546,0.4
500918,5,0.4972222222222222,0.46999407013370004,False,0.8,0.0,0.9047172294870751,1.0
500919,5,0.6959876543209876,0.6306854279475272,False,0.6,0.0,0.9469024295259745,0.6
500920,5,0.4046296296296296,0.5788734736973856,False,0.8,0.0,0.9558295932317544,0.8
500921,5,0.5441358024691358,0.4482500425475395,False,0.6,0.0,0.7122630665145961,0.6
500922,5,0.3317901234567901,0.6137564813518553,False,0.8,0.0,1.0,0.8
500923,5,0.4290123456790123,0.7076762821924125,False,0.4,0.0,0.9197207891481876,0.8
500924,5,0.2385802469135802,0.35295015073522285,False,0.6,0.0,0.6797310500037655,0.8
500925,5,0.3009259259259259,0.41833704201652944,False,1.0,0.0,1.0,1.0
500926,5,0.2743827160493827,0.3816746986433866,False,0.8,0.0,1.0,0.8
500927,5,0.2972222222222222,0.29285332143335163,False,0.8,0.0,0.9558295932317544,1.0
500928,5,0.1919753086419753,0.3593547080502647,False,0.0,0.0,0.0,0.8
500929,5,0.2882716049382716,0.47284383487668685,False,0.8,0.0,0.7606395682357036,0.8
500930,5,0.1429012345679012,0.45279413969833515,False,0.4,0.0,0.6509209298071326,1.0
500931,5,0.2416666666666667,0.4210621029923698,False,0.6,0.0,0.8529278650606567,1.0
500932,5,0.195679012345679,0.3732643808199991,False,0.4,0.0,0.9197207891481876,1.0
500933,5,0.1731481481481481,0.4722742417419349,False,0.2,0.0,0.5,1.0
500934,5,0.4709876543209876,0.5498444081319516,False,0.8,0.0,0.9558295932317544,0.8
500935,5,0.6367283950617284,0.569986454495095,False,0.0,0.0,0.0,0.0
500936,5,0.7799382716049382,0.6965486512092476,False,0.2,0.0,0.38685280723454163,0.2
500937,5,0.6370370370370371,0.5370616819961689,False,0.4,0.0,0.8772153153380493,0.4
500938,5,0.5944444444444444,0.5785394972082325,False,0.4,0.0,1.0,0.4
500939,5,0.7620370370370372,0.6569588535475215,False,0.2,0.0,0.5,0.2
500940,5,0.6345679012345679,0.6833170088814801,False,0.6,0.0,0.7122630665145961,0.6
500941,5,0.8185185185185184,0.7376545453430366,False,0.2,1.0,0.5,0.6
500942,5,0.0771604938271604,0.32797420194665666,False,0.4,0.0,0.6934264036172708,1.0
500943,5,0.0935185185185185,0.3841291705328266,False,0.2,0.0,0.43067655807339306,1.0
500944,5,0.300925925925926,0.4518102164144037,False,0.8,0.0,1.0,1.0
500945,5,0.4228395061728395,0.410999729591432,False,1.0,0.0,1.0,1.0
500946,5,0.2259259259259259,0.4947336999355843,False,0.8,0.0,0.7606395682357036,0.8
500947,5,0.1435185185185185,0.1891811922537482,False,0.6,0.0,0.8854598815714874,1.0
500948,5,0.4669753086419754,0.4715077041562704,False,1.0,0.0,1.0,1.0
500949,5,0.270679012345679,0.4499415338391219,False,1.0,0.0,1.0,1.0
500950,5,0.3358024691358025,0.48962856903581686,False,1.0,0.0,1.0,1.0
500951,5,0.3561728395061728,0.5416673671316719,False,1.0,0.0,1.0,1.0
500952,5,0.4719135802469136,0.5584599097222249,False,1.0,0.0,1.0,1.0
500953,5,0.2725308641975308,0.411714145361173,False,1.0,0.0,1.0,1.0
500954,5,0.6709876543209877,0.7000989787430434,False,0.8,0.0,0.9828920819566879,0.8
500955,5,0.7354938271604938,0.7446544718245819,False,0.0,0.0,0.0,0.2
500956,5,0.4401234567901235,0.4971088465256538,False,1.0,0.0,1.0,1.0
500957,5,0.5873456790123456,0.6737304872209792,False,0.0,0.0,0.0,0.0
500958,5,0.6151234567901235,0.7485889412143135,False,0.6,0.0,0.8529278650606567,0.6
500959,5,0.546604938271605,0.7090689432063102,False,0.0,0.0,0.0,0.2
500960,5,0.4756172839506172,0.4496905189679983,False,0.6,0.0,0.8529278650606567,0.6
500961,5,0.5243827160493827,0.4288399526442729,False,0.8,0.0,0.9828920819566879,1.0
500962,5,0.3574074074074074,0.2307371288051166,False,0.8,0.0,0.7606395682357036,1.0
500963,5,0.595679012345679,0.41680226847322666,False,0.0,0.0,0.0,0.0
500964,5,0.7191358024691358,0.4321216644814747,False,0.0,0.0,0.0,0.0
500965,5,0.2484567901234567,0.3580487652898345,False,0.6,0.0,0.9060254355346823,1.0
500966,5,0.6623456790123456,0.5206723881313607,False,0.6,0.0,0.9469024295259745,0.6
500967,5,0.6478395061728395,0.49903208369958874,False,0.6,0.0,0.9469024295259745,0.8
500968,5,0.7058641975308642,0.5439541141170736,False,0.4,0.0,0.9197207891481876,0.4
500969,5,0.637962962962963,0.5192876241911987,False,0.4,0.0,0.5437713091520254,0.4
500970,5,0.4003086419753086,0.41690293960677194,False,0.8,0.0,0.9828920819566879,1.0
500971,5,0.6882716049382717,0.4452226463300094,False,0.8,0.0,0.9047172294870751,0.8
500972,5,0.6222222222222222,0.6929510995481046,False,0.2,0.0,1.0,0.2
500973,5,0.6265432098765432,0.6818580593436552,False,0.2,0.0,1.0,0.2
500974,5,0.5348765432098765,0.5933182773863842,False,0.6,0.0,0.9060254355346823,0.6
500975,5,0.6157407407407408,0.7012105137457562,False,0.6,0.0,0.8854598815714874,0.6
500976,5,0.6580246913580247,0.6599459851204846,False,0.8,0.0,1.0,0.8
500977,5,0.721604938271605,0.7291742994159592,False,0.0,0.0,0.0,0.6
500978,5,0.6104938271604938,0.36984542102775414,False,0.0,0.0,0.0,0.0
500979,5,0.6166666666666667,0.4108843130428552,False,0.0,0.0,0.0,0.0
500980,5,0.1746913580246913,0.231520516420902,False,0.6,0.0,1.0,1.0
500981,5,0.4012345679012346,0.5160996311730053,False,0.8,0.0,0.9558295932317544,1.0
500982,5,0.7611111111111111,0.5287683300521698,False,0.4,0.0,0.5012658353418871,0.4
500983,5,0.5527777777777777,0.47885622059243416,False,1.0,0.0,1.0,1.0
500984,5,0.3864197530864197,0.5386921378122802,False,1.0,0.0,1.0,1.0
500985,5,0.4814814814814814,0.5053154341566031,False,1.0,0.0,1.0,1.0
500986,5,0.2438271604938271,0.42654141809271806,False,1.0,0.0,1.0,1.0
500987,5,0.5302469135802469,0.6666891927555982,False,0.6,0.0,1.0,0.8
500988,5,0.4055555555555556,0.5812678240891094,False,0.8,0.0,1.0,1.0
500989,5,0.4447530864197531,0.545878171415583,False,0.8,0.0,1.0,0.8
500990,5,0.4694444444444445,0.5593138860107196,False,0.6,0.0,1.0,0.8
500991,5,0.391358024691358,0.4551129357036325,False,1.0,0.0,1.0,1.0
500992,5,0.4922839506172839,0.6403032694282064,False,0.4,0.0,0.5706417189553201,0.6
500993,5,0.5564814814814815,0.5745226765362976,False,0.6,0.0,0.6182885020492784,0.8
500994,5,0.4771604938271605,0.6978510165504174,False,0.6,0.0,0.8529278650606567,0.6
500995,5,0.2530864197530864,0.544743075939873,False,0.8,0.0,1.0,0.8
500996,5,0.254320987654321,0.42540218004972746,False,0.6,0.0,1.0,0.8
500997,5,0.7271604938271605,0.3239379509681009,False,0.6,0.0,0.9469024295259745,1.0
500998,5,0.678395061728395,0.4332974387359699,False,0.4,0.0,0.5012658353418871,0.4
500999,5,0.7506172839506173,0.3444639509284178,False,0.6,0.0,0.8854598815714874,1.0
501000,5,0.7518518518518519,0.46048442955576946,False,0.4,0.0,0.5012658353418871,0.6
501001,5,0.4888888888888889,0.35032891557014845,False,0.4,0.0,0.6934264036172708,0.8
501002,5,0.2996913580246913,0.5270696408715487,False,0.8,0.0,1.0,0.8
501003,5,0.2882716049382716,0.522212650121905,False,1.0,0.0,1.0,1.0
501004,5,0.4108024691358025,0.42650738557370227,False,1.0,0.0,1.0,1.0
501005,5,0.3160493827160494,0.3574473070148378,False,0.8,0.0,0.9828920819566879,1.0
501006,5,0.1833333333333333,0.4486613669313585,False,0.0,0.0,0.0,1.0
501007,5,0.3873456790123457,0.4223314272234555,False,0.6,0.0,0.7122630665145961,0.8
501008,5,0.6580246913580247,0.5935690840990793,False,0.4,0.0,0.6509209298071326,0.4
501009,5,0.6003086419753086,0.6509735820280714,False,0.8,0.0,0.9828920819566879,0.8
501010,5,0.5941358024691358,0.5848924742812494,False,0.4,0.0,0.6240505200038379,0.4
501011,5,0.5530864197530865,0.558704408145917,False,0.6,0.0,0.7328286204777911,0.6
501012,5,0.7441358024691359,0.6407785388923083,False,0.6,0.0,0.7328286204777911,0.6
501013,5,0.6089506172839506,0.49029992948451784,False,0.0,0.0,0.0,0.0
501014,5,0.2484567901234567,0.290351097821719,False,0.2,0.0,1.0,1.0
501015,5,0.6608024691358024,0.4731816012499695,False,0.4,0.0,0.8503449055347546,0.4
501016,5,0.1561728395061728,0.37696512860373477,False,0.0,0.0,0.0,0.8
501017,5,0.5018518518518518,0.2753502125370802,False,0.4,0.0,0.5706417189553201,1.0
501018,5,0.1771604938271604,0.28527347113744717,False,0.4,0.0,0.8503449055347546,1.0
501019,5,0.5083333333333333,0.3369067785856325,False,0.6,0.0,0.6182885020492784,1.0
501020,5,0.4043209876543209,0.35607242050142857,False,0.8,0.0,0.9828920819566879,1.0
501021,5,0.317283950617284,0.42677025567196114,False,1.0,0.0,1.0,1.0
501022,5,0.3833333333333333,0.39295126081473236,False,0.8,0.0,1.0,1.0
501023,5,0.4364197530864198,0.42116000698986916,False,1.0,0.0,1.0,1.0
501024,5,0.5225308641975309,0.5880448719347647,False,0.8,0.0,0.9828920819566879,0.8
501025,5,0.3058641975308642,0.43022077814271076,False,1.0,0.0,1.0,1.0
501026,5,0.7583333333333334,0.6825517137411063,False,0.4,0.0,0.9197207891481876,0.6
501027,5,0.742283950617284,0.6292169695567675,False,0.6,0.0,0.8854598815714874,0.6
501028,5,0.4679012345679013,0.40205803240011095,False,1.0,0.0,1.0,1.0
501029,5,0.620679012345679,0.5771876456379407,False,0.0,0.0,0.0,0.0
501030,5,0.5524691358024691,0.557770187461181,False,1.0,0.0,1.0,1.0
501031,5,0.8546296296296295,0.7809132233026821,False,0.6,1.0,0.7122630665145961,0.8
501032,5,0.1626543209876543,0.4782264355793449,False,0.0,0.0,0.0,1.0
501033,5,0.2379629629629629,0.28570607266418924,False,0.6,0.0,0.9060254355346823,1.0
501034,5,0.1154320987654321,0.31602996296050523,False,0.2,0.0,0.38685280723454163,1.0
501035,5,0.412037037037037,0.5095718259089386,False,0.8,0.0,0.9047172294870751,1.0
501036,5,0.2271604938271605,0.28279277453466733,False,0.6,0.0,1.0,0.8
501037,5,0.4478395061728394,0.3799460687997167,False,0.8,0.0,0.7606395682357036,1.0
501038,5,0.7358024691358024,0.5886214154407812,False,0.8,0.0,0.7606395682357036,0.8
501039,5,0.2253086419753086,0.42195844432802565,False,0.8,0.0,0.9047172294870751,1.0
501040,5,0.4484567901234568,0.5422390116954129,False,0.8,0.0,0.9047172294870751,0.8
501041,5,0.4021604938271605,0.5127400686355477,False,0.8,0.0,1.0,0.8
501042,5,0.5388888888888889,0.6972003927132367,False,0.8,0.0,0.7606395682357036,0.8
501043,5,0.6046296296296296,0.5139824891692935,False,0.6,0.0,0.8854598815714874,0.8
501044,5,0.6691358024691358,0.6252300200364836,False,0.4,0.0,0.6509209298071326,0.4
501045,5,0.7188271604938272,0.7104586697539755,False,0.4,0.0,0.5437713091520254,0.4
501046,5,0.7280864197530864,0.6517458674221664,False,0.4,0.0,0.5437713091520254,0.6
501047,5,0.8095679012345679,0.7367527842880004,False,0.2,1.0,0.5,0.8
501048,5,0.6154320987654321,0.6019027968108575,False,0.4,0.0,1.0,0.4
501049,5,0.7188271604938272,0.6667377397782315,False,0.4,0.0,0.6509209298071326,0.4
501050,5,0.695679012345679,0.5988518202243766,False,1.0,0.0,1.0,1.0
501051,5,0.2811728395061728,0.26178873226137345,False,0.6,0.0,0.9060254355346823,1.0
501052,5,0.4058641975308641,0.6483866451667465,False,0.8,0.0,1.0,0.8
501053,5,0.5376543209876543,0.3865542911660006,False,0.6,0.0,1.0,1.0
501054,5,0.5598765432098766,0.3976613433036963,False,0.8,0.0,1.0,1.0
501055,5,0.3932098765432099,0.28627236396037875,False,0.6,0.0,0.8529278650606567,1.0
501056,5,0.2861111111111111,0.4616175362406711,False,1.0,0.0,1.0,1.0
501057,5,0.7185185185185187,0.4877718102289063,False,1.0,0.0,1.0,1.0
501058,5,0.525,0.5353852305836141,False,1.0,0.0,1.0,1.0
501059,5,0.2864197530864197,0.46813229521049105,False,0.8,0.0,0.9047172294870751,0.8
501060,5,0.441358024691358,0.5454063441239472,False,1.0,0.0,1.0,1.0
501061,5,0.7064814814814815,0.44793930884951805,False,1.0,0.0,1.0,1.0
501062,5,0.687037037037037,0.7396140281515917,False,0.4,0.0,0.5706417189553201,0.4
501063,5,0.590432098765432,0.5287081925614444,False,0.2,0.0,1.0,0.2
501064,5,0.455246913580247,0.6634711069735948,False,0.4,0.0,1.0,0.4
501065,5,0.619753086419753,0.5565415633361236,False,0.4,0.0,0.5012658353418871,0.4
501066,5,0.3981481481481481,0.439403520024662,False,1.0,0.0,1.0,1.0
501067,5,0.6354938271604939,0.8003287027276706,False,0.2,0.0,0.38685280723454163,0.2
501068,5,0.7018518518518518,0.49300563443220996,False,0.4,0.0,0.8772153153380493,0.6
501069,5,0.7524691358024692,0.5068836689927783,False,0.8,0.0,0.9047172294870751,0.8
501070,5,0.7651234567901235,0.3156094048958138,False,0.6,0.0,0.9674679834891693,1.0
501071,5,0.3604938271604938,0.2814774634436948,False,0.6,0.0,0.8854598815714874,1.0
501072,5,0.6888888888888888,0.34377409793284003,False,0.0,0.0,0.0,0.0
501073,5,0.5064814814814814,0.3402853214324613,False,0.6,0.0,0.6182885020492784,0.8
501074,5,0.6098765432098765,0.4833156783824483,False,0.0,0.0,0.0,0.0
501075,5,0.5138888888888888,0.4595917822464068,False,0.8,0.0,1.0,0.8
501076,5,0.5185185185185185,0.5786647630963518,False,1.0,0.0,1.0,1.0
501077,5,0.3058641975308642,0.48149775245741167,False,1.0,0.0,1.0,1.0
501078,5,0.3253086419753087,0.4619494507002974,False,1.0,0.0,1.0,1.0
501079,5,0.7694444444444445,0.46168241694532786,False,0.6,0.0,0.6797310500037655,0.6
