campaign_id,country
20000,CA
20000,US
20000,ES
20000,JP
20001,ES
20001,UK
20001,MX
20002,CA
20002,MX
20002,IT
20002,BR
20003,DE
20003,JP
20003,BR
20004,IT
20004,DE
20004,US
20005,ES
20005,IT
20006,BR
20006,FR
20006,IT
20007,US
20007,JP
20008,MX
20008,DE
20008,UK
20008,BR
20009,IT
20009,US
20009,ES
20010,MX
20010,UK
20011,FR
20011,DE
20012,JP
20012,FR
20012,CA
20013,BR
20013,DE
20014,DE
20014,UK
20014,MX
20014,IT
20015,ES
20015,MX
20015,JP
20016,DE
20016,MX
20016,CA
20017,MX
20017,US
20017,JP
20017,DE
20018,IT
20018,DE
20019,US
20019,UK
20020,BR
20020,MX
20021,ES
20021,US
20022,US
20022,DE
20023,MX
20023,US
20024,BR
20024,MX
20024,JP
20025,US
20025,CA
20025,JP
20025,UK
20026,FR
20026,BR
20026,ES
20026,IT
20027,IT
20027,CA
20028,UK
20028,JP
20028,ES
20029,BR
20029,IT
20029,DE
20030,BR
20030,JP
20030,MX
20031,ES
20031,CA
20032,IT
20032,UK
20032,JP
20033,FR
20033,US
20034,CA
20034,JP
20034,US
20035,FR
20035,US
20036,BR
20036,UK
20036,FR
20037,JP
20037,CA
20038,ES
20038,DE
20039,FR
20039,IT
20040,US
20040,JP
20040,UK
20041,US
20041,FR
20042,BR
20042,ES
20042,MX
20043,US
20043,FR
20043,BR
20044,FR
20044,UK
20045,US
20045,MX
20046,ES
20046,JP
20046,FR
20046,US
20047,FR
20047,ES
20048,FR
20048,US
20048,ES
20049,JP
20049,US
20050,FR
20050,JP
20050,BR
20050,ES
20051,BR
20051,JP
20052,FR
20052,DE
20052,UK
20052,MX
20053,UK
20053,US
20054,CA
20054,DE
20054,US
20055,DE
20055,CA
20055,IT
20056,US
20056,FR
20057,IT
20057,US
20057,MX
20058,UK
20058,FR
20058,JP
20058,US
20059,FR
20059,IT
20059,ES
20060,BR
20060,JP
20061,CA
20061,UK
20062,IT
20062,MX
20062,ES
20063,BR
20063,ES
20063,CA
20063,UK
20064,US
20064,IT
20065,ES
20065,CA
20065,MX
20066,US
20066,MX
20066,UK
20066,CA
20067,CA
20067,MX
20068,FR
20068,JP
20068,MX
20068,UK
20069,US
20069,MX
20069,ES
20070,JP
20070,US
20071,FR
20071,BR
20072,ES
20072,FR
20072,BR
20073,UK
20073,IT
20073,US
20073,CA
20074,CA
20074,MX
20074,UK
20075,JP
20075,UK
20075,CA
20076,DE
20076,FR
20076,IT
20077,DE
20077,JP
20077,US
20078,US
20078,FR
20079,DE
20079,FR
20079,BR
20080,IT
20080,JP
20080,UK
20081,JP
20081,DE
20081,CA
20082,BR
20082,MX
20082,DE
20083,IT
20083,JP
20084,CA
20084,FR
20084,BR
20084,UK
20085,ES
20085,MX
20086,BR
20086,MX
20087,JP
20087,DE
20088,BR
20088,UK
20088,JP
20089,DE
20089,MX
20090,IT
20090,DE
20090,UK
20091,IT
20091,CA
20092,FR
20092,MX
20092,IT
20093,IT
20093,MX
20094,DE
20094,JP
20094,UK
20094,CA
20095,MX
20095,DE
20095,UK
20095,CA
20096,FR
20096,UK
20097,UK
20097,ES
20097,IT
20097,FR
20098,CA
20098,UK
20098,ES
20099,FR
20099,IT
20099,MX
20099,JP
20100,US
20100,JP
20101,CA
20101,UK
20102,CA
20102,DE
20103,MX
20103,CA
20104,MX
20104,FR
20104,UK
20105,FR
20105,BR
20105,ES
20105,UK
20106,UK
20106,FR
20106,CA
20107,IT
20107,DE
20107,FR
20107,ES
20108,US
20108,FR
20108,BR
20108,UK
20109,IT
20109,MX
20109,DE
20109,US
20110,CA
20110,BR
20110,DE
20111,JP
20111,UK
20111,BR
20111,US
20112,FR
20112,US
20112,BR
20113,US
20113,MX
20114,MX
20114,BR
20115,FR
20115,CA
20115,MX
20115,DE
20116,JP
20116,UK
20117,US
20117,FR
20117,IT
20118,ES
20118,MX
20118,UK
20119,JP
20119,MX
20119,US
20119,IT
20120,MX
20120,CA
20120,UK
20121,US
20121,MX
20122,DE
20122,ES
20122,CA
20122,IT
20123,CA
20123,FR
20124,IT
20124,FR
20124,US
20125,MX
20125,US
20125,IT
20126,MX
20126,FR
20127,JP
20127,CA
20127,MX
20128,ES
20128,JP
20129,CA
20129,IT
20129,BR
20130,BR
20130,MX
20130,UK
20131,DE
20131,BR
20131,UK
20131,IT
20132,DE
20132,JP
20133,DE
20133,BR
20134,ES
20134,IT
20135,FR
20135,ES
20136,FR
20136,JP
20136,US
20136,CA
20137,ES
20137,UK
20137,CA
20137,MX
20138,IT
20138,JP
20138,BR
20139,CA
20139,US
20139,FR
20140,ES
20140,JP
20140,US
20140,DE
20141,CA
20141,DE
20141,US
20141,UK
20142,MX
20142,FR
20142,CA
20143,UK
20143,MX
20144,BR
20144,UK
20144,JP
20145,FR
20145,DE
20146,FR
20146,IT
20147,ES
20147,CA
20148,DE
20148,UK
20148,ES
20149,ES
20149,BR
20149,CA
20150,UK
20150,JP
20151,UK
20151,BR
20151,US
20152,IT
20152,CA
20152,UK
20153,BR
20153,JP
20154,DE
20154,MX
20155,FR
20155,DE
20155,JP
20156,DE
20156,ES
20157,FR
20157,CA
20157,US
20158,CA
20158,ES
20158,US
20158,DE
20159,CA
20159,US
20159,DE
20160,US
20160,IT
20160,MX
20161,US
20161,IT
20162,UK
20162,US
20163,US
20163,FR
20163,ES
20164,JP
20164,MX
20164,FR
20164,US
20165,FR
20165,UK
20165,JP
20166,UK
20166,CA
20167,DE
20167,FR
20167,BR
20167,US
20168,IT
20168,MX
20169,FR
20169,IT
20169,UK
20170,BR
20170,CA
20170,JP
20171,ES
20171,FR
20171,US
20172,IT
20172,BR
20173,FR
20173,DE
20174,DE
20174,JP
20175,ES
20175,JP
20176,US
20176,DE
20176,ES
20177,CA
20177,IT
20177,MX
20178,JP
20178,UK
20179,BR
20179,US
