column,family,role,dtype,missing_count,missing_pct,nunique,unique_ratio,is_constant,is_all_missing,is_high_missing,initial_recommendation,exact_duplicate_drop,high_corr_drop_candidate,in_cbr_final,is_candidate_similarity_feature
creative_id,base_tabular,entity_key,int64,0,0.0,1080,1.0,False,False,False,keep_as_metadata_not_feature,False,False,True,False
campaign_id,base_tabular,entity_key,int64,0,0.0,180,0.16666666666666666,False,False,False,keep_as_metadata_not_feature,False,False,True,False
advertiser_name,base_tabular,display_context_or_categorical,str,0,0.0,36,0.03333333333333333,False,False,False,candidate_feature,False,False,True,False
app_name,base_tabular,display_context_or_categorical,str,0,0.0,123,0.11388888888888889,False,False,False,candidate_feature,False,False,True,False
vertical,base_tabular,display_context_or_categorical,str,0,0.0,6,0.005555555555555556,False,False,False,candidate_feature,False,False,True,False
format,base_tabular,display_context_or_categorical,str,0,0.0,5,0.004629629629629629,False,False,False,candidate_feature,False,False,True,False
width,base_tabular,candidate_feature,int64,0,0.0,2,0.001851851851851852,False,False,False,candidate_feature,False,False,True,True
height,base_tabular,candidate_feature,int64,0,0.0,3,0.002777777777777778,False,False,False,candidate_feature,False,False,True,True
language,base_tabular,display_context_or_categorical,str,0,0.0,7,0.006481481481481481,False,False,False,candidate_feature,False,False,True,False
creative_launch_date,base_tabular,display_context_or_categorical,str,0,0.0,39,0.03611111111111111,False,False,False,candidate_feature,False,False,True,False
theme,base_tabular,display_context_or_categorical,str,0,0.0,20,0.018518518518518517,False,False,False,candidate_feature,False,False,True,False
hook_type,base_tabular,display_context_or_categorical,str,0,0.0,24,0.022222222222222223,False,False,False,candidate_feature,False,False,True,False
cta_text,base_tabular,display_text,str,0,0.0,10,0.009259259259259259,False,False,False,candidate_feature,False,False,True,False
headline,base_tabular,display_text,str,0,0.0,30,0.027777777777777776,False,False,False,candidate_feature,False,False,True,False
subhead,base_tabular,display_text,str,0,0.0,18,0.016666666666666666,False,False,False,candidate_feature,False,False,True,False
dominant_color,base_tabular,display_context_or_categorical,str,0,0.0,12,0.011111111111111112,False,False,False,candidate_feature,False,False,True,False
emotional_tone,base_tabular,display_context_or_categorical,str,0,0.0,7,0.006481481481481481,False,False,False,candidate_feature,False,False,True,False
duration_sec,base_tabular,candidate_feature,int64,0,0.0,9,0.008333333333333333,False,False,False,candidate_feature,False,False,True,True
text_density,base_tabular,candidate_feature,float64,0,0.0,548,0.5074074074074074,False,False,False,candidate_feature,False,False,True,True
copy_length_chars,base_tabular,candidate_feature,int64,0,0.0,89,0.0824074074074074,False,False,False,candidate_feature,False,False,True,True
readability_score,base_tabular,candidate_feature,float64,0,0.0,368,0.34074074074074073,False,False,False,candidate_feature,False,False,True,True
brand_visibility_score,base_tabular,candidate_feature,float64,0,0.0,517,0.4787037037037037,False,False,False,candidate_feature,False,False,True,True
clutter_score,base_tabular,candidate_feature,float64,0,0.0,482,0.4462962962962963,False,False,False,candidate_feature,False,False,True,True
novelty_score,base_tabular,candidate_feature,float64,0,0.0,577,0.5342592592592592,False,False,False,candidate_feature,False,False,True,True
motion_score,base_tabular,candidate_feature,float64,0,0.0,585,0.5416666666666666,False,False,False,candidate_feature,False,False,True,True
faces_count,base_tabular,candidate_feature,int64,0,0.0,5,0.004629629629629629,False,False,False,candidate_feature,False,False,True,True
product_count,base_tabular,candidate_feature,int64,0,0.0,5,0.004629629629629629,False,False,False,candidate_feature,False,False,True,True
has_price,base_tabular,candidate_feature,int64,0,0.0,2,0.001851851851851852,False,False,False,candidate_feature,False,False,True,True
has_discount_badge,base_tabular,candidate_feature,int64,0,0.0,2,0.001851851851851852,False,False,False,candidate_feature,False,False,True,True
has_gameplay,base_tabular,candidate_feature,int64,0,0.0,2,0.001851851851851852,False,False,False,candidate_feature,False,False,True,True
has_ugc_style,base_tabular,candidate_feature,int64,0,0.0,2,0.001851851851851852,False,False,False,candidate_feature,False,False,True,True
asset_file,base_tabular,asset_reference,str,0,0.0,1080,1.0,False,False,False,keep_as_metadata_not_feature,False,False,True,False
asset_exists,base_tabular,candidate_feature,bool,0,0.0,1,0.000925925925925926,True,False,False,drop_constant,False,False,False,False
aspect_ratio,base_tabular,candidate_feature,float64,0,0.0,3,0.002777777777777778,False,False,False,candidate_feature,False,True,False,False
asset_pixels,base_tabular,candidate_feature,int64,0,0.0,3,0.002777777777777778,False,False,False,candidate_feature,False,True,False,False
is_video_like,base_tabular,candidate_feature,int64,0,0.0,2,0.001851851851851852,False,False,False,candidate_feature,False,False,True,True
headline_chars,base_tabular,candidate_feature,int64,0,0.0,12,0.011111111111111112,False,False,False,candidate_feature,False,False,True,True
subhead_chars,base_tabular,candidate_feature,int64,0,0.0,12,0.011111111111111112,False,False,False,candidate_feature,False,False,True,True
advertiser_id,base_tabular,entity_key,int64,0,0.0,36,0.03333333333333333,False,False,False,keep_as_metadata_not_feature,False,False,True,False
objective,base_tabular,display_context_or_categorical,str,0,0.0,5,0.004629629629629629,False,False,False,candidate_feature,False,False,True,False
primary_theme,base_tabular,display_context_or_categorical,str,0,0.0,20,0.018518518518518517,False,False,False,candidate_feature,False,False,True,False
target_age_segment,base_tabular,display_context_or_categorical,str,0,0.0,4,0.003703703703703704,False,False,False,candidate_feature,False,False,True,False
target_os,base_tabular,display_context_or_categorical,str,0,0.0,3,0.002777777777777778,False,False,False,candidate_feature,False,False,True,False
start_date,base_tabular,display_context_or_categorical,str,0,0.0,21,0.019444444444444445,False,False,False,candidate_feature,False,False,True,False
end_date,base_tabular,display_context_or_categorical,str,0,0.0,47,0.04351851851851852,False,False,False,candidate_feature,False,False,True,False
daily_budget_usd,base_tabular,candidate_feature,int64,0,0.0,180,0.16666666666666666,False,False,False,candidate_feature,False,False,True,True
kpi_goal,base_tabular,display_context_or_categorical,str,0,0.0,4,0.003703703703703704,False,False,False,candidate_feature,False,False,True,False
campaign_duration_days,base_tabular,candidate_feature,int64,0,0.0,31,0.028703703703703703,False,False,False,candidate_feature,False,False,True,True
hq_region,base_tabular,display_context_or_categorical,str,0,0.0,4,0.003703703703703704,False,False,False,candidate_feature,False,False,True,False
first_3d_days_observed,early_3d,early_3d_feature,int64,0,0.0,1,0.000925925925925926,True,False,False,drop_constant,False,False,False,False
first_3d_spend_usd,early_3d,early_3d_feature,float64,0,0.0,1080,1.0,False,False,False,candidate_feature,False,False,True,True
first_3d_impressions,early_3d,early_3d_feature,int64,0,0.0,1078,0.9981481481481481,False,False,False,candidate_feature,False,False,True,True
first_3d_viewable_impressions,early_3d,early_3d_feature,int64,0,0.0,1080,1.0,False,False,False,candidate_feature,False,True,False,False
first_3d_clicks,early_3d,early_3d_feature,int64,0,0.0,1040,0.9629629629629629,False,False,False,candidate_feature,False,False,True,True
first_3d_conversions,early_3d,early_3d_feature,int64,0,0.0,708,0.6555555555555556,False,False,False,candidate_feature,False,False,True,True
first_3d_revenue_usd,early_3d,early_3d_feature,float64,0,0.0,1080,1.0,False,False,False,candidate_feature,False,False,True,True
first_3d_avg_country_os_slices,early_3d,early_3d_feature,float64,0,0.0,10,0.009259259259259259,False,False,False,candidate_feature,False,False,True,True
first_3d_ctr_volatility,early_3d,early_3d_feature,float64,0,0.0,1080,1.0,False,False,False,candidate_feature,False,False,True,True
first_3d_ipm_volatility,early_3d,early_3d_feature,float64,0,0.0,1080,1.0,False,False,False,candidate_feature,False,False,True,True
first_3d_ctr,early_3d,early_3d_feature,float64,0,0.0,1080,1.0,False,False,False,candidate_feature,False,False,True,True
first_3d_viewability_rate,early_3d,early_3d_feature,float64,0,0.0,1080,1.0,False,False,False,candidate_feature,False,False,True,True
first_3d_cvr,early_3d,early_3d_feature,float64,0,0.0,1080,1.0,False,False,False,candidate_feature,False,False,True,True
first_3d_ipm,early_3d,early_3d_feature,float64,0,0.0,1080,1.0,False,False,False,candidate_feature,False,False,True,True
first_3d_roas,early_3d,early_3d_feature,float64,0,0.0,1080,1.0,False,False,False,candidate_feature,False,False,True,True
first_7d_days_observed,early_7d,early_7d_feature,int64,0,0.0,1,0.000925925925925926,True,False,False,drop_constant,False,False,False,False
first_7d_spend_usd,early_7d,early_7d_feature,float64,0,0.0,1080,1.0,False,False,False,candidate_feature,False,False,True,True
first_7d_impressions,early_7d,early_7d_feature,int64,0,0.0,1080,1.0,False,False,False,candidate_feature,False,False,True,True
first_7d_viewable_impressions,early_7d,early_7d_feature,int64,0,0.0,1079,0.9990740740740741,False,False,False,candidate_feature,False,True,False,False
first_7d_clicks,early_7d,early_7d_feature,int64,0,0.0,1053,0.975,False,False,False,candidate_feature,False,False,True,True
first_7d_conversions,early_7d,early_7d_feature,int64,0,0.0,870,0.8055555555555556,False,False,False,candidate_feature,False,False,True,True
first_7d_revenue_usd,early_7d,early_7d_feature,float64,0,0.0,1080,1.0,False,False,False,candidate_feature,False,False,True,True
first_7d_avg_country_os_slices,early_7d,early_7d_feature,float64,0,0.0,14,0.012962962962962963,False,False,False,candidate_feature,False,True,False,False
first_7d_ctr_volatility,early_7d,early_7d_feature,float64,0,0.0,1080,1.0,False,False,False,candidate_feature,False,False,True,True
first_7d_ipm_volatility,early_7d,early_7d_feature,float64,0,0.0,1080,1.0,False,False,False,candidate_feature,False,False,True,True
first_7d_ctr,early_7d,early_7d_feature,float64,0,0.0,1080,1.0,False,False,False,candidate_feature,False,False,True,True
first_7d_viewability_rate,early_7d,early_7d_feature,float64,0,0.0,1080,1.0,False,False,False,candidate_feature,False,False,True,True
first_7d_cvr,early_7d,early_7d_feature,float64,0,0.0,1080,1.0,False,False,False,candidate_feature,False,True,False,False
first_7d_ipm,early_7d,early_7d_feature,float64,0,0.0,1080,1.0,False,False,False,candidate_feature,False,False,True,True
first_7d_roas,early_7d,early_7d_feature,float64,0,0.0,1080,1.0,False,False,False,candidate_feature,False,False,True,True
first_14d_days_observed,early_14d,early_14d_feature,int64,0,0.0,1,0.000925925925925926,True,False,False,drop_constant,False,False,False,False
first_14d_spend_usd,early_14d,early_14d_feature,float64,0,0.0,1080,1.0,False,False,False,candidate_feature,False,False,True,True
first_14d_impressions,early_14d,early_14d_feature,int64,0,0.0,1080,1.0,False,False,False,candidate_feature,False,False,True,True
first_14d_viewable_impressions,early_14d,early_14d_feature,int64,0,0.0,1080,1.0,False,False,False,candidate_feature,False,True,False,False
first_14d_clicks,early_14d,early_14d_feature,int64,0,0.0,1066,0.987037037037037,False,False,False,candidate_feature,False,False,True,True
first_14d_conversions,early_14d,early_14d_feature,int64,0,0.0,916,0.8481481481481481,False,False,False,candidate_feature,False,True,False,False
first_14d_revenue_usd,early_14d,early_14d_feature,float64,0,0.0,1080,1.0,False,False,False,candidate_feature,False,True,False,False
first_14d_avg_country_os_slices,early_14d,early_14d_feature,float64,0,0.0,19,0.017592592592592594,False,False,False,candidate_feature,False,True,False,False
first_14d_ctr_volatility,early_14d,early_14d_feature,float64,0,0.0,1080,1.0,False,False,False,candidate_feature,False,False,True,True
first_14d_ipm_volatility,early_14d,early_14d_feature,float64,0,0.0,1080,1.0,False,False,False,candidate_feature,False,False,True,True
first_14d_ctr,early_14d,early_14d_feature,float64,0,0.0,1080,1.0,False,False,False,candidate_feature,False,True,False,False
first_14d_viewability_rate,early_14d,early_14d_feature,float64,0,0.0,1080,1.0,False,False,False,candidate_feature,False,False,True,True
first_14d_cvr,early_14d,early_14d_feature,float64,0,0.0,1079,0.9990740740740741,False,False,False,candidate_feature,False,True,False,False
first_14d_ipm,early_14d,early_14d_feature,float64,0,0.0,1080,1.0,False,False,False,candidate_feature,False,True,False,False
first_14d_roas,early_14d,early_14d_feature,float64,0,0.0,1080,1.0,False,False,False,candidate_feature,False,True,False,False
lifecycle_days,full_lifecycle,full_period_leakage,int64,0,0.0,47,0.04351851851851852,False,False,False,keep_as_outcome_not_feature,False,False,True,False
lifecycle_spend_usd,full_lifecycle,full_period_leakage,float64,0,0.0,1079,0.9990740740740741,False,False,False,keep_as_outcome_not_feature,False,False,True,False
lifecycle_impressions,full_lifecycle,full_period_leakage,int64,0,0.0,1080,1.0,False,False,False,keep_as_outcome_not_feature,False,False,True,False
lifecycle_clicks,full_lifecycle,full_period_leakage,int64,0,0.0,1065,0.9861111111111112,False,False,False,keep_as_outcome_not_feature,False,False,True,False
lifecycle_conversions,full_lifecycle,full_period_leakage,int64,0,0.0,969,0.8972222222222223,False,False,False,keep_as_outcome_not_feature,False,False,True,False
lifecycle_revenue_usd,full_lifecycle,full_period_leakage,float64,0,0.0,1080,1.0,False,False,False,keep_as_outcome_not_feature,False,False,True,False
lifecycle_ctr_std,full_lifecycle,full_period_leakage,float64,0,0.0,1080,1.0,False,False,False,keep_as_outcome_not_feature,False,False,True,False
lifecycle_ipm_std,full_lifecycle,full_period_leakage,float64,0,0.0,1080,1.0,False,False,False,keep_as_outcome_not_feature,False,False,True,False
lifecycle_max_days_since_launch,full_lifecycle,full_period_leakage,int64,0,0.0,47,0.04351851851851852,False,False,False,keep_as_outcome_not_feature,False,False,True,False
lifecycle_ctr,full_lifecycle,full_period_leakage,float64,0,0.0,1080,1.0,False,False,False,keep_as_outcome_not_feature,False,False,True,False
lifecycle_cvr,full_lifecycle,full_period_leakage,float64,0,0.0,1080,1.0,False,False,False,keep_as_outcome_not_feature,False,False,True,False
lifecycle_ipm,full_lifecycle,full_period_leakage,float64,0,0.0,1080,1.0,False,False,False,keep_as_outcome_not_feature,False,False,True,False
lifecycle_roas,full_lifecycle,full_period_leakage,float64,0,0.0,1080,1.0,False,False,False,keep_as_outcome_not_feature,False,False,True,False
creative_status,base_tabular,target_outcome,str,0,0.0,4,0.003703703703703704,False,False,False,keep_as_target_not_feature,False,False,True,False
fatigue_day,base_tabular,target_outcome,float64,881,0.8157407407407408,9,0.008333333333333333,False,False,True,keep_as_target_not_feature,False,False,True,False
perf_score,base_tabular,target_outcome,float64,0,0.0,907,0.8398148148148148,False,False,False,keep_as_target_not_feature,False,False,True,False
overall_ctr,base_tabular,target_outcome,float64,0,0.0,1080,1.0,False,False,False,keep_as_target_not_feature,True,False,True,False
overall_cvr,base_tabular,target_outcome,float64,0,0.0,1080,1.0,False,False,False,keep_as_target_not_feature,True,False,True,False
overall_ipm,base_tabular,target_outcome,float64,0,0.0,1080,1.0,False,False,False,keep_as_target_not_feature,False,False,True,False
overall_roas,base_tabular,target_outcome,float64,0,0.0,1080,1.0,False,False,False,keep_as_target_not_feature,False,False,True,False
ctr_decay_pct,base_tabular,target_outcome,float64,0,0.0,1080,1.0,False,False,False,keep_as_target_not_feature,False,False,True,False
cvr_decay_pct,base_tabular,target_outcome,float64,0,0.0,1080,1.0,False,False,False,keep_as_target_not_feature,False,False,True,False
peak_rolling_ctr_5,base_tabular,target_outcome,float64,0,0.0,1080,1.0,False,False,False,keep_as_target_not_feature,False,False,True,False
has_fatigue,base_tabular,target_outcome,int64,0,0.0,2,0.001851851851851852,False,False,False,keep_as_target_not_feature,False,False,True,False
txtsel_subhead_has_social,text_engineered,candidate_feature,int64,0,0.0,2,0.001851851851851852,False,False,False,candidate_feature,False,False,True,True
txtsel_headline_has_social,text_engineered,candidate_feature,int64,0,0.0,2,0.001851851851851852,False,False,False,candidate_feature,False,False,True,True
txtsel_subhead_word_count,text_engineered,candidate_feature,int64,0,0.0,5,0.004629629629629629,False,False,False,candidate_feature,False,False,True,True
txtsel_headline_has_action,text_engineered,candidate_feature,int64,0,0.0,2,0.001851851851851852,False,False,False,candidate_feature,False,False,True,True
txtsel_subhead_length,text_engineered,candidate_feature,int64,0,0.0,12,0.011111111111111112,False,False,False,candidate_feature,True,True,False,False
txtsel_subhead_has_trust,text_engineered,candidate_feature,int64,0,0.0,2,0.001851851851851852,False,False,False,candidate_feature,False,False,True,True
txtsel_headline_has_trust,text_engineered,candidate_feature,int64,0,0.0,2,0.001851851851851852,False,False,False,candidate_feature,False,False,True,True
txtsel_headline_has_benefit,text_engineered,candidate_feature,int64,0,0.0,2,0.001851851851851852,False,False,False,candidate_feature,False,False,True,True
txtsel_headline_has_urgency,text_engineered,candidate_feature,int64,0,0.0,2,0.001851851851851852,False,False,False,candidate_feature,False,False,True,True
txtsel_cta_text_has_benefit,text_engineered,candidate_feature,int64,0,0.0,2,0.001851851851851852,False,False,False,candidate_feature,False,False,True,True
txtsel_cta_text_word_count,text_engineered,candidate_feature,int64,0,0.0,2,0.001851851851851852,False,False,False,candidate_feature,False,False,True,True
txtsel_cta_text_has_action,text_engineered,candidate_feature,int64,0,0.0,2,0.001851851851851852,False,False,False,candidate_feature,False,False,True,True
txtsel_cta_text_length,text_engineered,candidate_feature,int64,0,0.0,5,0.004629629629629629,False,False,False,candidate_feature,False,False,True,True
txtsel_headline_length,text_engineered,candidate_feature,int64,0,0.0,12,0.011111111111111112,False,False,False,candidate_feature,True,True,False,False
target_age_min,base_tabular,candidate_feature,float64,0,0.0,4,0.003703703703703704,False,False,False,candidate_feature,False,False,True,True
target_age_max,base_tabular,candidate_feature,float64,0,0.0,4,0.003703703703703704,False,False,False,candidate_feature,False,True,False,False
target_age_mid,base_tabular,candidate_feature,float64,0,0.0,4,0.003703703703703704,False,False,False,candidate_feature,False,True,False,False
vis_image_area,fe_vision_handcrafted,candidate_feature,int64,0,0.0,3,0.002777777777777778,False,False,False,candidate_feature,True,True,False,False
vis_brightness_mean,fe_vision_handcrafted,candidate_feature,float64,0,0.0,1078,0.9981481481481481,False,False,False,candidate_feature,False,False,True,True
vis_brightness_std,fe_vision_handcrafted,candidate_feature,float64,0,0.0,1079,0.9990740740740741,False,False,False,candidate_feature,False,False,True,True
vis_contrast,fe_vision_handcrafted,candidate_feature,float64,0,0.0,1079,0.9990740740740741,False,False,False,candidate_feature,True,True,False,False
vis_saturation_mean,fe_vision_handcrafted,candidate_feature,float64,0,0.0,1033,0.9564814814814815,False,False,False,candidate_feature,False,False,True,True
vis_saturation_std,fe_vision_handcrafted,candidate_feature,float64,0,0.0,1033,0.9564814814814815,False,False,False,candidate_feature,False,False,True,True
vis_hue_mean,fe_vision_handcrafted,candidate_feature,float64,0,0.0,1032,0.9555555555555556,False,False,False,candidate_feature,False,False,True,True
vis_hue_std,fe_vision_handcrafted,candidate_feature,float64,0,0.0,1033,0.9564814814814815,False,False,False,candidate_feature,False,False,True,True
vis_dominant_color_r,fe_vision_handcrafted,candidate_feature,int64,0,0.0,84,0.07777777777777778,False,False,False,candidate_feature,False,False,True,True
vis_dominant_color_g,fe_vision_handcrafted,candidate_feature,int64,0,0.0,107,0.09907407407407408,False,False,False,candidate_feature,False,False,True,True
vis_dominant_color_b,fe_vision_handcrafted,candidate_feature,int64,0,0.0,93,0.08611111111111111,False,False,False,candidate_feature,False,False,True,True
vis_dominant_color_h,fe_vision_handcrafted,candidate_feature,float64,0,0.0,910,0.8425925925925926,False,False,False,candidate_feature,False,False,True,True
vis_dominant_color_s,fe_vision_handcrafted,candidate_feature,float64,0,0.0,920,0.8518518518518519,False,False,False,candidate_feature,False,False,True,True
vis_dominant_color_v,fe_vision_handcrafted,candidate_feature,float64,0,0.0,948,0.8777777777777778,False,False,False,candidate_feature,False,False,True,True
vis_colorfulness,fe_vision_handcrafted,candidate_feature,float64,0,0.0,1033,0.9564814814814815,False,False,False,candidate_feature,False,False,True,True
vis_edge_density,fe_vision_handcrafted,candidate_feature,float64,0,0.0,1005,0.9305555555555556,False,False,False,candidate_feature,False,False,True,True
vis_visual_complexity,fe_vision_handcrafted,candidate_feature,float64,0,0.0,1079,0.9990740740740741,False,False,False,candidate_feature,False,False,True,True
vis_sharpness_laplacian_var,fe_vision_handcrafted,candidate_feature,float64,0,0.0,1079,0.9990740740740741,False,False,False,candidate_feature,False,False,True,True
vis_centroid_x_visual_mass,fe_vision_handcrafted,candidate_feature,float64,0,0.0,1079,0.9990740740740741,False,False,False,candidate_feature,False,False,True,True
vis_centroid_y_visual_mass,fe_vision_handcrafted,candidate_feature,float64,0,0.0,1079,0.9990740740740741,False,False,False,candidate_feature,False,False,True,True
vis_visual_mass_top_ratio,fe_vision_handcrafted,candidate_feature,float64,0,0.0,1078,0.9981481481481481,False,False,False,candidate_feature,False,False,True,True
vis_visual_mass_bottom_ratio,fe_vision_handcrafted,candidate_feature,float64,0,0.0,1079,0.9990740740740741,False,False,False,candidate_feature,False,True,False,False
vis_visual_mass_left_ratio,fe_vision_handcrafted,candidate_feature,float64,0,0.0,1078,0.9981481481481481,False,False,False,candidate_feature,False,False,True,True
vis_visual_mass_right_ratio,fe_vision_handcrafted,candidate_feature,float64,0,0.0,1079,0.9990740740740741,False,False,False,candidate_feature,False,True,False,False
vis_visual_mass_center_ratio,fe_vision_handcrafted,candidate_feature,float64,0,0.0,1078,0.9981481481481481,False,False,False,candidate_feature,False,False,True,True
vis_visual_mass_border_ratio,fe_vision_handcrafted,candidate_feature,float64,0,0.0,1078,0.9981481481481481,False,False,False,candidate_feature,False,True,False,False
vis_quadrant_top_left_density,fe_vision_handcrafted,candidate_feature,float64,0,0.0,1079,0.9990740740740741,False,False,False,candidate_feature,False,False,True,True
vis_quadrant_top_right_density,fe_vision_handcrafted,candidate_feature,float64,0,0.0,1079,0.9990740740740741,False,False,False,candidate_feature,False,False,True,True
vis_quadrant_bottom_left_density,fe_vision_handcrafted,candidate_feature,float64,0,0.0,1078,0.9981481481481481,False,False,False,candidate_feature,False,False,True,True
vis_quadrant_bottom_right_density,fe_vision_handcrafted,candidate_feature,float64,0,0.0,1079,0.9990740740740741,False,False,False,candidate_feature,False,False,True,True
vis_symmetry_horizontal_score,fe_vision_handcrafted,candidate_feature,float64,0,0.0,1079,0.9990740740740741,False,False,False,candidate_feature,False,False,True,True
vis_symmetry_vertical_score,fe_vision_handcrafted,candidate_feature,float64,0,0.0,1079,0.9990740740740741,False,False,False,candidate_feature,False,False,True,True
vis_main_object_bbox_x_min,fe_vision_handcrafted,candidate_feature,float64,0,0.0,17,0.01574074074074074,False,False,False,candidate_feature,False,False,True,True
vis_main_object_bbox_y_min,fe_vision_handcrafted,candidate_feature,float64,0,0.0,21,0.019444444444444445,False,False,False,candidate_feature,False,False,True,True
vis_main_object_bbox_x_max,fe_vision_handcrafted,candidate_feature,float64,0,0.0,47,0.04351851851851852,False,False,False,candidate_feature,False,False,True,True
vis_main_object_bbox_y_max,fe_vision_handcrafted,candidate_feature,float64,0,0.0,28,0.025925925925925925,False,False,False,candidate_feature,False,False,True,True
vis_main_object_bbox_area_ratio,fe_vision_handcrafted,candidate_feature,float64,0,0.0,68,0.06296296296296296,False,False,False,candidate_feature,False,False,True,True
vis_main_object_center_x,fe_vision_handcrafted,candidate_feature,float64,0,0.0,46,0.04259259259259259,False,False,False,candidate_feature,False,False,True,True
vis_main_object_center_y,fe_vision_handcrafted,candidate_feature,float64,0,0.0,36,0.03333333333333333,False,False,False,candidate_feature,False,False,True,True
vis_main_object_is_centered,fe_vision_handcrafted,candidate_feature,int64,0,0.0,2,0.001851851851851852,False,False,False,candidate_feature,False,False,True,True
vis_saliency_center_bias,fe_vision_handcrafted,candidate_feature,float64,0,0.0,1078,0.9981481481481481,False,False,False,candidate_feature,False,True,False,False
vis_background_uniformity_score,fe_vision_handcrafted,candidate_feature,float64,0,0.0,1079,0.9990740740740741,False,False,False,candidate_feature,False,False,True,True
vis_empty_space_ratio,fe_vision_handcrafted,candidate_feature,float64,0,0.0,1022,0.9462962962962963,False,False,False,candidate_feature,False,False,True,True
clip_pca_0,clip_pca,embedding_pca_feature,float32,0,0.0,1056,0.9777777777777777,False,False,False,candidate_feature,False,False,True,True
clip_pca_1,clip_pca,embedding_pca_feature,float32,0,0.0,1056,0.9777777777777777,False,False,False,candidate_feature,False,False,True,True
clip_pca_2,clip_pca,embedding_pca_feature,float32,0,0.0,1059,0.9805555555555555,False,False,False,candidate_feature,False,False,True,True
clip_pca_3,clip_pca,embedding_pca_feature,float32,0,0.0,1058,0.9796296296296296,False,False,False,candidate_feature,False,False,True,True
clip_pca_4,clip_pca,embedding_pca_feature,float32,0,0.0,1059,0.9805555555555555,False,False,False,candidate_feature,False,False,True,True
clip_pca_5,clip_pca,embedding_pca_feature,float32,0,0.0,1057,0.9787037037037037,False,False,False,candidate_feature,False,False,True,True
clip_pca_6,clip_pca,embedding_pca_feature,float32,0,0.0,1059,0.9805555555555555,False,False,False,candidate_feature,False,False,True,True
clip_pca_7,clip_pca,embedding_pca_feature,float32,0,0.0,1061,0.9824074074074074,False,False,False,candidate_feature,False,False,True,True
clip_pca_8,clip_pca,embedding_pca_feature,float32,0,0.0,1059,0.9805555555555555,False,False,False,candidate_feature,False,False,True,True
clip_pca_9,clip_pca,embedding_pca_feature,float32,0,0.0,1058,0.9796296296296296,False,False,False,candidate_feature,False,False,True,True
clip_pca_10,clip_pca,embedding_pca_feature,float32,0,0.0,1058,0.9796296296296296,False,False,False,candidate_feature,False,False,True,True
clip_pca_11,clip_pca,embedding_pca_feature,float32,0,0.0,1059,0.9805555555555555,False,False,False,candidate_feature,False,False,True,True
clip_pca_12,clip_pca,embedding_pca_feature,float32,0,0.0,1060,0.9814814814814815,False,False,False,candidate_feature,False,False,True,True
clip_pca_13,clip_pca,embedding_pca_feature,float32,0,0.0,1060,0.9814814814814815,False,False,False,candidate_feature,False,False,True,True
clip_pca_14,clip_pca,embedding_pca_feature,float32,0,0.0,1059,0.9805555555555555,False,False,False,candidate_feature,False,False,True,True
clip_pca_15,clip_pca,embedding_pca_feature,float32,0,0.0,1059,0.9805555555555555,False,False,False,candidate_feature,False,False,True,True
clip_pca_16,clip_pca,embedding_pca_feature,float32,0,0.0,1062,0.9833333333333333,False,False,False,candidate_feature,False,False,True,True
clip_pca_17,clip_pca,embedding_pca_feature,float32,0,0.0,1060,0.9814814814814815,False,False,False,candidate_feature,False,False,True,True
clip_pca_18,clip_pca,embedding_pca_feature,float32,0,0.0,1062,0.9833333333333333,False,False,False,candidate_feature,False,False,True,True
clip_pca_19,clip_pca,embedding_pca_feature,float32,0,0.0,1061,0.9824074074074074,False,False,False,candidate_feature,False,False,True,True
clip_pca_20,clip_pca,embedding_pca_feature,float32,0,0.0,1059,0.9805555555555555,False,False,False,candidate_feature,False,False,True,True
clip_pca_21,clip_pca,embedding_pca_feature,float32,0,0.0,1060,0.9814814814814815,False,False,False,candidate_feature,False,False,True,True
clip_pca_22,clip_pca,embedding_pca_feature,float32,0,0.0,1061,0.9824074074074074,False,False,False,candidate_feature,False,False,True,True
clip_pca_23,clip_pca,embedding_pca_feature,float32,0,0.0,1060,0.9814814814814815,False,False,False,candidate_feature,False,False,True,True
clip_pca_24,clip_pca,embedding_pca_feature,float32,0,0.0,1060,0.9814814814814815,False,False,False,candidate_feature,False,False,True,True
clip_pca_25,clip_pca,embedding_pca_feature,float32,0,0.0,1062,0.9833333333333333,False,False,False,candidate_feature,False,False,True,True
clip_pca_26,clip_pca,embedding_pca_feature,float32,0,0.0,1062,0.9833333333333333,False,False,False,candidate_feature,False,False,True,True
clip_pca_27,clip_pca,embedding_pca_feature,float32,0,0.0,1061,0.9824074074074074,False,False,False,candidate_feature,False,False,True,True
clip_pca_28,clip_pca,embedding_pca_feature,float32,0,0.0,1062,0.9833333333333333,False,False,False,candidate_feature,False,False,True,True
clip_pca_29,clip_pca,embedding_pca_feature,float32,0,0.0,1060,0.9814814814814815,False,False,False,candidate_feature,False,False,True,True
clip_pca_30,clip_pca,embedding_pca_feature,float32,0,0.0,1062,0.9833333333333333,False,False,False,candidate_feature,False,False,True,True
clip_pca_31,clip_pca,embedding_pca_feature,float32,0,0.0,1062,0.9833333333333333,False,False,False,candidate_feature,False,False,True,True
clip_pca_32,clip_pca,embedding_pca_feature,float32,0,0.0,1063,0.9842592592592593,False,False,False,candidate_feature,False,False,True,True
clip_pca_33,clip_pca,embedding_pca_feature,float32,0,0.0,1063,0.9842592592592593,False,False,False,candidate_feature,False,False,True,True
clip_pca_34,clip_pca,embedding_pca_feature,float32,0,0.0,1062,0.9833333333333333,False,False,False,candidate_feature,False,False,True,True
clip_pca_35,clip_pca,embedding_pca_feature,float32,0,0.0,1062,0.9833333333333333,False,False,False,candidate_feature,False,False,True,True
clip_pca_36,clip_pca,embedding_pca_feature,float32,0,0.0,1062,0.9833333333333333,False,False,False,candidate_feature,False,False,True,True
clip_pca_37,clip_pca,embedding_pca_feature,float32,0,0.0,1061,0.9824074074074074,False,False,False,candidate_feature,False,False,True,True
clip_pca_38,clip_pca,embedding_pca_feature,float32,0,0.0,1059,0.9805555555555555,False,False,False,candidate_feature,False,False,True,True
clip_pca_39,clip_pca,embedding_pca_feature,float32,0,0.0,1062,0.9833333333333333,False,False,False,candidate_feature,False,False,True,True
clip_pca_40,clip_pca,embedding_pca_feature,float32,0,0.0,1064,0.9851851851851852,False,False,False,candidate_feature,False,False,True,True
clip_pca_41,clip_pca,embedding_pca_feature,float32,0,0.0,1063,0.9842592592592593,False,False,False,candidate_feature,False,False,True,True
clip_pca_42,clip_pca,embedding_pca_feature,float32,0,0.0,1064,0.9851851851851852,False,False,False,candidate_feature,False,False,True,True
clip_pca_43,clip_pca,embedding_pca_feature,float32,0,0.0,1064,0.9851851851851852,False,False,False,candidate_feature,False,False,True,True
clip_pca_44,clip_pca,embedding_pca_feature,float32,0,0.0,1065,0.9861111111111112,False,False,False,candidate_feature,False,False,True,True
clip_pca_45,clip_pca,embedding_pca_feature,float32,0,0.0,1065,0.9861111111111112,False,False,False,candidate_feature,False,False,True,True
clip_pca_46,clip_pca,embedding_pca_feature,float32,0,0.0,1064,0.9851851851851852,False,False,False,candidate_feature,False,False,True,True
clip_pca_47,clip_pca,embedding_pca_feature,float32,0,0.0,1065,0.9861111111111112,False,False,False,candidate_feature,False,False,True,True
clip_pca_48,clip_pca,embedding_pca_feature,float32,0,0.0,1064,0.9851851851851852,False,False,False,candidate_feature,False,False,True,True
clip_pca_49,clip_pca,embedding_pca_feature,float32,0,0.0,1065,0.9861111111111112,False,False,False,candidate_feature,False,False,True,True
clip_pca_50,clip_pca,embedding_pca_feature,float32,0,0.0,1065,0.9861111111111112,False,False,False,candidate_feature,False,False,True,True
clip_pca_51,clip_pca,embedding_pca_feature,float32,0,0.0,1065,0.9861111111111112,False,False,False,candidate_feature,False,False,True,True
clip_pca_52,clip_pca,embedding_pca_feature,float32,0,0.0,1065,0.9861111111111112,False,False,False,candidate_feature,False,False,True,True
clip_pca_53,clip_pca,embedding_pca_feature,float32,0,0.0,1065,0.9861111111111112,False,False,False,candidate_feature,False,False,True,True
clip_pca_54,clip_pca,embedding_pca_feature,float32,0,0.0,1065,0.9861111111111112,False,False,False,candidate_feature,False,False,True,True
clip_pca_55,clip_pca,embedding_pca_feature,float32,0,0.0,1065,0.9861111111111112,False,False,False,candidate_feature,False,False,True,True
clip_pca_56,clip_pca,embedding_pca_feature,float32,0,0.0,1065,0.9861111111111112,False,False,False,candidate_feature,False,False,True,True
clip_pca_57,clip_pca,embedding_pca_feature,float32,0,0.0,1065,0.9861111111111112,False,False,False,candidate_feature,False,False,True,True
clip_pca_58,clip_pca,embedding_pca_feature,float32,0,0.0,1065,0.9861111111111112,False,False,False,candidate_feature,False,False,True,True
clip_pca_59,clip_pca,embedding_pca_feature,float32,0,0.0,1065,0.9861111111111112,False,False,False,candidate_feature,False,False,True,True
clip_pca_60,clip_pca,embedding_pca_feature,float32,0,0.0,1064,0.9851851851851852,False,False,False,candidate_feature,False,False,True,True
clip_pca_61,clip_pca,embedding_pca_feature,float32,0,0.0,1065,0.9861111111111112,False,False,False,candidate_feature,False,False,True,True
clip_pca_62,clip_pca,embedding_pca_feature,float32,0,0.0,1065,0.9861111111111112,False,False,False,candidate_feature,False,False,True,True
clip_pca_63,clip_pca,embedding_pca_feature,float32,0,0.0,1065,0.9861111111111112,False,False,False,candidate_feature,False,False,True,True
cnn_pca_0,cnn_pca,embedding_pca_feature,float32,0,0.0,1079,0.9990740740740741,False,False,False,candidate_feature,False,False,True,True
cnn_pca_1,cnn_pca,embedding_pca_feature,float32,0,0.0,1079,0.9990740740740741,False,False,False,candidate_feature,False,False,True,True
cnn_pca_2,cnn_pca,embedding_pca_feature,float32,0,0.0,1079,0.9990740740740741,False,False,False,candidate_feature,False,False,True,True
cnn_pca_3,cnn_pca,embedding_pca_feature,float32,0,0.0,1079,0.9990740740740741,False,False,False,candidate_feature,False,False,True,True
cnn_pca_4,cnn_pca,embedding_pca_feature,float32,0,0.0,1079,0.9990740740740741,False,False,False,candidate_feature,False,False,True,True
cnn_pca_5,cnn_pca,embedding_pca_feature,float32,0,0.0,1079,0.9990740740740741,False,False,False,candidate_feature,False,False,True,True
cnn_pca_6,cnn_pca,embedding_pca_feature,float32,0,0.0,1079,0.9990740740740741,False,False,False,candidate_feature,False,False,True,True
cnn_pca_7,cnn_pca,embedding_pca_feature,float32,0,0.0,1079,0.9990740740740741,False,False,False,candidate_feature,False,False,True,True
cnn_pca_8,cnn_pca,embedding_pca_feature,float32,0,0.0,1079,0.9990740740740741,False,False,False,candidate_feature,False,False,True,True
cnn_pca_9,cnn_pca,embedding_pca_feature,float32,0,0.0,1079,0.9990740740740741,False,False,False,candidate_feature,False,False,True,True
cnn_pca_10,cnn_pca,embedding_pca_feature,float32,0,0.0,1079,0.9990740740740741,False,False,False,candidate_feature,False,False,True,True
cnn_pca_11,cnn_pca,embedding_pca_feature,float32,0,0.0,1079,0.9990740740740741,False,False,False,candidate_feature,False,False,True,True
cnn_pca_12,cnn_pca,embedding_pca_feature,float32,0,0.0,1079,0.9990740740740741,False,False,False,candidate_feature,False,False,True,True
cnn_pca_13,cnn_pca,embedding_pca_feature,float32,0,0.0,1080,1.0,False,False,False,candidate_feature,False,False,True,True
cnn_pca_14,cnn_pca,embedding_pca_feature,float32,0,0.0,1080,1.0,False,False,False,candidate_feature,False,False,True,True
cnn_pca_15,cnn_pca,embedding_pca_feature,float32,0,0.0,1080,1.0,False,False,False,candidate_feature,False,False,True,True
cnn_pca_16,cnn_pca,embedding_pca_feature,float32,0,0.0,1080,1.0,False,False,False,candidate_feature,False,False,True,True
cnn_pca_17,cnn_pca,embedding_pca_feature,float32,0,0.0,1080,1.0,False,False,False,candidate_feature,False,False,True,True
cnn_pca_18,cnn_pca,embedding_pca_feature,float32,0,0.0,1080,1.0,False,False,False,candidate_feature,False,False,True,True
cnn_pca_19,cnn_pca,embedding_pca_feature,float32,0,0.0,1080,1.0,False,False,False,candidate_feature,False,False,True,True
cnn_pca_20,cnn_pca,embedding_pca_feature,float32,0,0.0,1080,1.0,False,False,False,candidate_feature,False,False,True,True
cnn_pca_21,cnn_pca,embedding_pca_feature,float32,0,0.0,1080,1.0,False,False,False,candidate_feature,False,False,True,True
cnn_pca_22,cnn_pca,embedding_pca_feature,float32,0,0.0,1080,1.0,False,False,False,candidate_feature,False,False,True,True
cnn_pca_23,cnn_pca,embedding_pca_feature,float32,0,0.0,1080,1.0,False,False,False,candidate_feature,False,False,True,True
cnn_pca_24,cnn_pca,embedding_pca_feature,float32,0,0.0,1080,1.0,False,False,False,candidate_feature,False,False,True,True
cnn_pca_25,cnn_pca,embedding_pca_feature,float32,0,0.0,1080,1.0,False,False,False,candidate_feature,False,False,True,True
cnn_pca_26,cnn_pca,embedding_pca_feature,float32,0,0.0,1080,1.0,False,False,False,candidate_feature,False,False,True,True
cnn_pca_27,cnn_pca,embedding_pca_feature,float32,0,0.0,1080,1.0,False,False,False,candidate_feature,False,False,True,True
cnn_pca_28,cnn_pca,embedding_pca_feature,float32,0,0.0,1080,1.0,False,False,False,candidate_feature,False,False,True,True
cnn_pca_29,cnn_pca,embedding_pca_feature,float32,0,0.0,1080,1.0,False,False,False,candidate_feature,False,False,True,True
cnn_pca_30,cnn_pca,embedding_pca_feature,float32,0,0.0,1080,1.0,False,False,False,candidate_feature,False,False,True,True
cnn_pca_31,cnn_pca,embedding_pca_feature,float32,0,0.0,1080,1.0,False,False,False,candidate_feature,False,False,True,True
cnn_pca_32,cnn_pca,embedding_pca_feature,float32,0,0.0,1080,1.0,False,False,False,candidate_feature,False,False,True,True
cnn_pca_33,cnn_pca,embedding_pca_feature,float32,0,0.0,1080,1.0,False,False,False,candidate_feature,False,False,True,True
cnn_pca_34,cnn_pca,embedding_pca_feature,float32,0,0.0,1080,1.0,False,False,False,candidate_feature,False,False,True,True
cnn_pca_35,cnn_pca,embedding_pca_feature,float32,0,0.0,1080,1.0,False,False,False,candidate_feature,False,False,True,True
cnn_pca_36,cnn_pca,embedding_pca_feature,float32,0,0.0,1080,1.0,False,False,False,candidate_feature,False,False,True,True
cnn_pca_37,cnn_pca,embedding_pca_feature,float32,0,0.0,1080,1.0,False,False,False,candidate_feature,False,False,True,True
cnn_pca_38,cnn_pca,embedding_pca_feature,float32,0,0.0,1080,1.0,False,False,False,candidate_feature,False,False,True,True
cnn_pca_39,cnn_pca,embedding_pca_feature,float32,0,0.0,1080,1.0,False,False,False,candidate_feature,False,False,True,True
cnn_pca_40,cnn_pca,embedding_pca_feature,float32,0,0.0,1080,1.0,False,False,False,candidate_feature,False,False,True,True
cnn_pca_41,cnn_pca,embedding_pca_feature,float32,0,0.0,1080,1.0,False,False,False,candidate_feature,False,False,True,True
cnn_pca_42,cnn_pca,embedding_pca_feature,float32,0,0.0,1080,1.0,False,False,False,candidate_feature,False,False,True,True
cnn_pca_43,cnn_pca,embedding_pca_feature,float32,0,0.0,1080,1.0,False,False,False,candidate_feature,False,False,True,True
cnn_pca_44,cnn_pca,embedding_pca_feature,float32,0,0.0,1080,1.0,False,False,False,candidate_feature,False,False,True,True
cnn_pca_45,cnn_pca,embedding_pca_feature,float32,0,0.0,1080,1.0,False,False,False,candidate_feature,False,False,True,True
cnn_pca_46,cnn_pca,embedding_pca_feature,float32,0,0.0,1079,0.9990740740740741,False,False,False,candidate_feature,False,False,True,True
cnn_pca_47,cnn_pca,embedding_pca_feature,float32,0,0.0,1080,1.0,False,False,False,candidate_feature,False,False,True,True
cnn_pca_48,cnn_pca,embedding_pca_feature,float32,0,0.0,1080,1.0,False,False,False,candidate_feature,False,False,True,True
cnn_pca_49,cnn_pca,embedding_pca_feature,float32,0,0.0,1080,1.0,False,False,False,candidate_feature,False,False,True,True
cnn_pca_50,cnn_pca,embedding_pca_feature,float32,0,0.0,1080,1.0,False,False,False,candidate_feature,False,False,True,True
cnn_pca_51,cnn_pca,embedding_pca_feature,float32,0,0.0,1080,1.0,False,False,False,candidate_feature,False,False,True,True
cnn_pca_52,cnn_pca,embedding_pca_feature,float32,0,0.0,1080,1.0,False,False,False,candidate_feature,False,False,True,True
cnn_pca_53,cnn_pca,embedding_pca_feature,float32,0,0.0,1080,1.0,False,False,False,candidate_feature,False,False,True,True
cnn_pca_54,cnn_pca,embedding_pca_feature,float32,0,0.0,1080,1.0,False,False,False,candidate_feature,False,False,True,True
cnn_pca_55,cnn_pca,embedding_pca_feature,float32,0,0.0,1080,1.0,False,False,False,candidate_feature,False,False,True,True
cnn_pca_56,cnn_pca,embedding_pca_feature,float32,0,0.0,1080,1.0,False,False,False,candidate_feature,False,False,True,True
cnn_pca_57,cnn_pca,embedding_pca_feature,float32,0,0.0,1080,1.0,False,False,False,candidate_feature,False,False,True,True
cnn_pca_58,cnn_pca,embedding_pca_feature,float32,0,0.0,1080,1.0,False,False,False,candidate_feature,False,False,True,True
cnn_pca_59,cnn_pca,embedding_pca_feature,float32,0,0.0,1080,1.0,False,False,False,candidate_feature,False,False,True,True
cnn_pca_60,cnn_pca,embedding_pca_feature,float32,0,0.0,1080,1.0,False,False,False,candidate_feature,False,False,True,True
cnn_pca_61,cnn_pca,embedding_pca_feature,float32,0,0.0,1080,1.0,False,False,False,candidate_feature,False,False,True,True
cnn_pca_62,cnn_pca,embedding_pca_feature,float32,0,0.0,1080,1.0,False,False,False,candidate_feature,False,False,True,True
cnn_pca_63,cnn_pca,embedding_pca_feature,float32,0,0.0,1080,1.0,False,False,False,candidate_feature,False,False,True,True
image_quality_status,image_quality,candidate_feature,str,0,0.0,1,0.000925925925925926,True,False,False,drop_constant,False,False,False,False
image_quality_reason,image_quality,candidate_feature,float64,1080,1.0,1,0.000925925925925926,True,True,True,drop_all_missing,False,False,False,False
image_quality_width,image_quality,candidate_feature,int64,0,0.0,2,0.001851851851851852,False,False,False,candidate_feature,True,True,False,False
image_quality_height,image_quality,candidate_feature,int64,0,0.0,3,0.002777777777777778,False,False,False,candidate_feature,True,True,False,False
cv_source_mode,cv_spatial,candidate_feature,str,0,0.0,1,0.000925925925925926,True,False,False,drop_constant,False,False,False,False
cv_extraction_error,cv_spatial,candidate_feature,object,1080,1.0,1,0.000925925925925926,True,True,True,drop_all_missing,False,False,False,False
cv_image_width,cv_spatial,candidate_feature,int64,0,0.0,2,0.001851851851851852,False,False,False,candidate_feature,True,True,False,False
cv_image_height,cv_spatial,candidate_feature,int64,0,0.0,3,0.002777777777777778,False,False,False,candidate_feature,True,True,False,False
cv_image_aspect_ratio,cv_spatial,candidate_feature,float64,0,0.0,3,0.002777777777777778,False,False,False,candidate_feature,True,True,False,False
cv_ocr_element_count,cv_spatial,candidate_feature,int64,0,0.0,6,0.005555555555555556,False,False,False,candidate_feature,False,False,True,True
cv_grounded_element_count,cv_spatial,candidate_feature,int64,0,0.0,10,0.009259259259259259,False,False,False,candidate_feature,False,False,True,True
cv_text_area_total_rel,cv_spatial,candidate_feature,float64,0,0.0,1079,0.9990740740740741,False,False,False,candidate_feature,False,False,True,True
cv_avg_text_area_rel,cv_spatial,candidate_feature,float64,0,0.0,1079,0.9990740740740741,False,False,False,candidate_feature,False,False,True,True
cv_top_zone_element_count,cv_spatial,candidate_feature,int64,0,0.0,3,0.002777777777777778,False,False,False,candidate_feature,False,False,True,True
cv_middle_zone_element_count,cv_spatial,candidate_feature,int64,0,0.0,2,0.001851851851851852,False,False,False,candidate_feature,False,False,True,True
cv_bottom_zone_element_count,cv_spatial,candidate_feature,int64,0,0.0,5,0.004629629629629629,False,False,False,candidate_feature,False,False,True,True
cv_bottom_text_ratio,cv_spatial,candidate_feature,float64,0,0.0,10,0.009259259259259259,False,False,False,candidate_feature,False,False,True,True
cv_cta_found,cv_spatial,candidate_feature,int64,0,0.0,1,0.000925925925925926,True,False,False,drop_constant,True,False,False,False
cv_cta_y_relative,cv_spatial,candidate_feature,float64,0,0.0,37,0.03425925925925926,False,False,False,candidate_feature,False,False,True,True
cv_cta_x_relative,cv_spatial,candidate_feature,float64,0,0.0,64,0.05925925925925926,False,False,False,candidate_feature,False,False,True,True
cv_cta_area_relative,cv_spatial,candidate_feature,float64,0,0.0,355,0.3287037037037037,False,False,False,candidate_feature,False,False,True,True
cv_cta_in_bottom_third,cv_spatial,candidate_feature,int64,0,0.0,1,0.000925925925925926,True,False,False,drop_constant,True,False,False,False
cv_headline_found,cv_spatial,candidate_feature,int64,0,0.0,1,0.000925925925925926,True,False,False,drop_constant,True,False,False,False
cv_headline_y_relative,cv_spatial,candidate_feature,float64,0,0.0,94,0.08703703703703704,False,False,False,candidate_feature,False,False,True,True
cv_headline_area_relative,cv_spatial,candidate_feature,float64,0,0.0,537,0.49722222222222223,False,False,False,candidate_feature,False,False,True,True
cv_subhead_found,cv_spatial,candidate_feature,int64,0,0.0,1,0.000925925925925926,True,False,False,drop_constant,True,False,False,False
cv_subhead_y_relative,cv_spatial,candidate_feature,float64,68,0.06296296296296296,100,0.09259259259259259,False,False,False,candidate_feature,False,False,True,True
cv_cta_headline_distance,cv_spatial,candidate_feature,float64,0,0.0,242,0.22407407407407406,False,False,False,candidate_feature,False,False,True,True
cv_has_promo_text,cv_spatial,candidate_feature,int64,0,0.0,2,0.001851851851851852,False,False,False,candidate_feature,False,False,True,True
cv_has_discount_text,cv_spatial,candidate_feature,int64,0,0.0,2,0.001851851851851852,False,False,False,candidate_feature,False,False,True,True
cv_has_price_text,cv_spatial,candidate_feature,int64,0,0.0,2,0.001851851851851852,False,False,False,candidate_feature,False,False,True,True
cv_has_promo_badge,cv_spatial,candidate_feature,int64,0,0.0,1,0.000925925925925926,True,False,False,drop_constant,True,False,False,False
cv_badge_in_top_right,cv_spatial,candidate_feature,int64,0,0.0,2,0.001851851851851852,False,False,False,candidate_feature,False,False,True,True
cv_badge_y_relative,cv_spatial,candidate_feature,float64,0,0.0,203,0.18796296296296297,False,False,False,candidate_feature,False,False,True,True
cv_logo_detected,cv_spatial,candidate_feature,int64,0,0.0,1,0.000925925925925926,True,False,False,drop_constant,True,False,False,False
cv_logo_in_top_left,cv_spatial,candidate_feature,int64,0,0.0,2,0.001851851851851852,False,False,False,candidate_feature,False,False,True,True
cv_product_zone_coverage,cv_spatial,candidate_feature,float64,0,0.0,5,0.004629629629629629,False,False,False,candidate_feature,False,False,True,True
cv_text_density_meta,cv_spatial,candidate_feature,float64,0,0.0,548,0.5074074074074074,False,False,False,candidate_feature,True,True,False,False
cv_brand_visibility_meta,cv_spatial,candidate_feature,float64,0,0.0,517,0.4787037037037037,False,False,False,candidate_feature,True,True,False,False
cv_has_discount_badge_meta,cv_spatial,candidate_feature,int64,0,0.0,2,0.001851851851851852,False,False,False,candidate_feature,True,True,False,False
cv_has_price_meta,cv_spatial,candidate_feature,int64,0,0.0,2,0.001851851851851852,False,False,False,candidate_feature,True,True,False,False
cv_spatial_signal_score,cv_spatial,candidate_feature,float64,0,0.0,1,0.000925925925925926,True,False,False,drop_constant,False,False,False,False
prompt_image_width,cv_prompt_flat,candidate_feature,int64,0,0.0,2,0.001851851851851852,False,False,False,candidate_feature,True,True,False,False
prompt_image_height,cv_prompt_flat,candidate_feature,int64,0,0.0,3,0.002777777777777778,False,False,False,candidate_feature,True,True,False,False
prompt_image_aspect_ratio,cv_prompt_flat,candidate_feature,float64,0,0.0,3,0.002777777777777778,False,False,False,candidate_feature,False,True,False,False
prompt_text_element_count,cv_prompt_flat,candidate_feature,int64,0,0.0,6,0.005555555555555556,False,False,False,candidate_feature,True,True,False,False
prompt_text_total_area,cv_prompt_flat,candidate_feature,float64,0,0.0,1072,0.9925925925925926,False,False,False,candidate_feature,False,True,False,False
prompt_detected_brand_logo,cv_prompt_flat,candidate_feature,int64,0,0.0,1,0.000925925925925926,True,False,False,drop_constant,True,False,False,False
prompt_detected_primary_cta,cv_prompt_flat,candidate_feature,int64,0,0.0,1,0.000925925925925926,True,False,False,drop_constant,True,False,False,False
prompt_detected_promo_badge,cv_prompt_flat,candidate_feature,int64,0,0.0,1,0.000925925925925926,True,False,False,drop_constant,True,False,False,False
prompt_detected_product_area,cv_prompt_flat,candidate_feature,int64,0,0.0,2,0.001851851851851852,False,False,False,candidate_feature,False,False,True,True
prompt_detected_social_proof,cv_prompt_flat,candidate_feature,int64,0,0.0,2,0.001851851851851852,False,False,False,candidate_feature,False,False,True,True
prompt_visual_element_count,cv_prompt_flat,candidate_feature,int64,0,0.0,7,0.006481481481481481,False,False,False,candidate_feature,False,False,True,True
prompt_visual_card_count,cv_prompt_flat,candidate_feature,int64,0,0.0,5,0.004629629629629629,False,False,False,candidate_feature,False,False,True,True
prompt_visual_circle_count,cv_prompt_flat,candidate_feature,int64,0,0.0,5,0.004629629629629629,False,False,False,candidate_feature,False,False,True,True
prompt_visual_total_area,cv_prompt_flat,candidate_feature,float64,0,0.0,119,0.11018518518518519,False,False,False,candidate_feature,False,False,True,True
prompt_visual_grid_like,cv_prompt_flat,candidate_feature,int64,0,0.0,2,0.001851851851851852,False,False,False,candidate_feature,False,False,True,True
prompt_visual_center_y,cv_prompt_flat,candidate_feature,float64,11,0.010185185185185186,75,0.06944444444444445,False,False,False,candidate_feature,False,False,True,True
prompt_dominant_color_name,cv_prompt_flat,candidate_feature,str,0,0.0,11,0.010185185185185186,False,False,False,candidate_feature,False,False,True,True
prompt_dominant_color_hex,cv_prompt_flat,candidate_feature,str,0,0.0,233,0.21574074074074073,False,False,False,candidate_feature,False,False,True,True
prompt_dominant_color_proportion,cv_prompt_flat,candidate_feature,float64,0,0.0,683,0.6324074074074074,False,False,False,candidate_feature,False,False,True,True
prompt_background_color_name,cv_prompt_flat,candidate_feature,str,0,0.0,11,0.010185185185185186,False,False,False,candidate_feature,False,False,True,True
prompt_background_color_hex,cv_prompt_flat,candidate_feature,str,0,0.0,111,0.10277777777777777,False,False,False,candidate_feature,False,False,True,True
prompt_background_is_solid,cv_prompt_flat,candidate_feature,int64,0,0.0,1,0.000925925925925926,True,False,False,drop_constant,True,False,False,False
prompt_saturation_mean,cv_prompt_flat,candidate_feature,float64,0,0.0,761,0.7046296296296296,False,False,False,candidate_feature,False,True,False,False
prompt_brightness_mean,cv_prompt_flat,candidate_feature,float64,0,0.0,633,0.5861111111111111,False,False,False,candidate_feature,False,True,False,False
prompt_color_warmth,cv_prompt_flat,candidate_feature,float64,0,0.0,236,0.21851851851851853,False,False,False,candidate_feature,False,False,True,True
prompt_contrast_score,cv_prompt_flat,candidate_feature,float64,0,0.0,862,0.7981481481481482,False,False,False,candidate_feature,False,False,True,True
prompt_layout_template,cv_prompt_flat,candidate_feature,str,0,0.0,11,0.010185185185185186,False,False,False,candidate_feature,False,False,True,True
prompt_has_grid_layout,cv_prompt_flat,candidate_feature,int64,0,0.0,2,0.001851851851851852,False,False,False,candidate_feature,False,False,True,True
prompt_has_carousel_indicator,cv_prompt_flat,candidate_feature,int64,0,0.0,1,0.000925925925925926,True,False,False,drop_constant,False,False,False,False
prompt_brand_zone_ratio,cv_prompt_flat,candidate_feature,float64,0,0.0,696,0.6444444444444445,False,False,False,candidate_feature,False,False,True,True
prompt_showcase_zone_ratio,cv_prompt_flat,candidate_feature,float64,0,0.0,614,0.5685185185185185,False,False,False,candidate_feature,False,False,True,True
prompt_copy_zone_ratio,cv_prompt_flat,candidate_feature,float64,0,0.0,679,0.6287037037037037,False,False,False,candidate_feature,False,False,True,True
prompt_cta_zone_ratio,cv_prompt_flat,candidate_feature,float64,0,0.0,629,0.5824074074074074,False,False,False,candidate_feature,False,False,True,True
prompt_total_text_area_ratio,cv_prompt_flat,candidate_feature,float64,0,0.0,1070,0.9907407407407407,False,False,False,candidate_feature,False,True,False,False
prompt_headline_area_ratio,cv_prompt_flat,candidate_feature,float64,0,0.0,277,0.2564814814814815,False,False,False,candidate_feature,False,False,True,True
prompt_headline_is_large,cv_prompt_flat,candidate_feature,int64,0,0.0,2,0.001851851851851852,False,False,False,candidate_feature,False,False,True,True
prompt_vertical_center_of_mass,cv_prompt_flat,candidate_feature,float64,0,0.0,821,0.7601851851851852,False,False,False,candidate_feature,False,False,True,True
prompt_background_edge_density,cv_prompt_flat,candidate_feature,float64,0,0.0,1050,0.9722222222222222,False,False,False,candidate_feature,False,False,True,True
prompt_has_decorative_pattern,cv_prompt_flat,candidate_feature,int64,0,0.0,2,0.001851851851851852,False,False,False,candidate_feature,False,False,True,True
prompt_cta_y_relative,cv_prompt_flat,candidate_feature,float64,0,0.0,23,0.021296296296296296,False,False,False,candidate_feature,False,True,False,False
prompt_cta_x_relative,cv_prompt_flat,candidate_feature,float64,0,0.0,16,0.014814814814814815,False,False,False,candidate_feature,False,True,False,False
prompt_cta_in_bottom_third,cv_prompt_flat,candidate_feature,int64,0,0.0,1,0.000925925925925926,True,False,False,drop_constant,True,False,False,False
prompt_badge_in_top_right,cv_prompt_flat,candidate_feature,int64,0,0.0,2,0.001851851851851852,False,False,False,candidate_feature,False,False,True,True
prompt_logo_in_top_left,cv_prompt_flat,candidate_feature,int64,0,0.0,2,0.001851851851851852,False,False,False,candidate_feature,False,False,True,True
prompt_product_zone_coverage,cv_prompt_flat,candidate_feature,float64,0,0.0,9,0.008333333333333333,False,False,False,candidate_feature,False,True,False,False
prompt_text_to_visual_ratio,cv_prompt_flat,candidate_feature,float64,0,0.0,1079,0.9990740740740741,False,False,False,candidate_feature,False,False,True,True
prompt_layout_pattern_type,cv_prompt_flat,candidate_feature,str,0,0.0,3,0.002777777777777778,False,False,False,candidate_feature,False,False,True,True
prompt_layout_pattern_confidence,cv_prompt_flat,candidate_feature,float64,0,0.0,8,0.007407407407407408,False,False,False,candidate_feature,False,False,True,True
prompt_thumb_zone_cta,cv_prompt_flat,candidate_feature,float64,0,0.0,23,0.021296296296296296,False,False,False,candidate_feature,False,False,True,True
prompt_visual_hierarchy_score,cv_prompt_flat,candidate_feature,float64,0,0.0,48,0.044444444444444446,False,False,False,candidate_feature,False,False,True,True
prompt_badge_visibility_score,cv_prompt_flat,candidate_feature,float64,0,0.0,3,0.002777777777777778,False,False,False,candidate_feature,False,False,True,True
prompt_brand_clarity_score,cv_prompt_flat,candidate_feature,float64,0,0.0,417,0.3861111111111111,False,False,False,candidate_feature,False,False,True,True
prompt_whitespace_balance,cv_prompt_flat,candidate_feature,float64,0,0.0,991,0.9175925925925926,False,False,False,candidate_feature,False,False,True,True
